N_07-23-2018,Time,A1,A2,A3,A4,A5,L_B1,L_B2,L_B3,L_B4,L_B5,L_C1,L_C2,L_C3,L_C4,L_C5,L_C6,M_B1,M_B2,M_B3,M_B5,M_C1,M_C2,M_C3,M_C4,B4 temp.
1,13:43:26.073,35029,36942,36505,36133,35811,962,1012,1004,1001,997,2739,1542,1674,1672,1712,1539,503,508,501,419,0,471,532,464,27.0
2,13:43:31.126,34580,36882,36290,35686,35502,963,1012,1004,1002,997,2737,1545,1676,1672,1712,1540,506,505,501,417,0,467,528,466,27.0
3,13:43:35.270,34488,36782,36461,35650,35483,963,1012,1003,1005,998,2738,1541,1677,1673,1714,1539,505,508,498,418,0,469,527,462,27.0
4,13:43:39.803,34706,36765,36262,35872,35623,961,1012,1003,1001,996,2737,1543,1673,1674,1711,1540,502,509,501,418,0,466,529,465,27.0
5,13:43:44.067,34570,36641,36231,35721,35543,962,1013,1003,1003,997,2738,1541,1673,1672,1713,1539,505,506,499,419,0,467,525,461,27.0
6,13:43:48.287,34733,36900,36144,35765,35495,962,1012,1002,1003,999,2736,1544,1674,1674,1712,1537,504,509,502,422,0,469,527,463,27.0
7,13:43:52.489,34689,36792,36302,35848,35564,963,1011,1005,1001,997,2739,1544,1675,1675,1713,1540,504,507,502,420,0,467,526,465,27.0
8,13:43:56.590,34882,36746,36251,35795,35588,962,1012,1005,1002,998,2736,1540,1674,1671,1712,1539,503,509,498,421,0,470,528,460,27.0
9,13:44:00.789,34744,36855,36343,35687,35510,962,1011,1003,1002,996,2739,1543,1675,1673,1714,1535,505,507,501,418,0,467,531,463,27.0
10,13:44:04.929,34859,36690,36348,35688,35453,963,1012,1005,1002,998,2736,1542,1673,1675,1716,1539,506,506,503,418,0,468,531,463,27.0
11,13:44:11.773,34942,36800,36104,35993,35788,961,1012,1004,999,996,2735,1545,1674,1677,1712,1540,504,508,504,418,0,484,528,461,28.0
12,13:44:15.974,34985,36900,36194,35812,35876,961,1012,1004,1001,998,2738,1543,1676,1674,1710,1538,504,509,502,419,0,473,531,463,28.0
13,13:44:20.129,35038,36829,36384,35592,35780,962,1012,1004,1001,998,2739,1543,1673,1676,1712,1539,506,507,499,421,0,472,525,460,28.0
14,13:44:24.275,35044,37053,36355,35619,35566,961,1012,1004,1000,996,2738,1543,1677,1676,1715,1537,504,507,501,420,0,469,528,462,28.0
15,13:44:28.429,35072,36900,36431,35608,35427,962,1012,1005,1001,999,2739,1543,1676,1676,1714,1540,503,506,501,421,0,468,526,462,28.0
16,13:44:32.572,35020,36876,36334,35771,35663,963,1012,1005,1001,996,2738,1543,1677,1671,1712,1539,505,504,502,419,0,470,528,463,28.0
17,13:44:36.631,35157,36835,36352,35674,35714,961,1012,1004,1003,999,2740,1544,1675,1674,1714,1539,504,506,500,418,0,465,528,461,28.0
18,13:44:40.729,35182,36919,36214,35629,35638,962,1012,1003,1002,1000,2736,1542,1675,1676,1712,1540,505,507,500,419,0,469,527,460,28.0
19,13:44:44.868,35257,36962,36444,35793,35792,962,1011,1004,1002,999,2736,1543,1674,1674,1715,1540,505,507,500,420,0,471,527,461,28.0
20,13:44:49.090,35129,36767,36319,35735,35664,963,1011,1005,1001,997,2737,1542,1673,1678,1714,1541,506,508,501,418,0,468,526,459,28.0
21,13:44:56.152,34985,36751,36295,36066,35856,962,1010,1005,1001,998,2738,1543,1675,1675,1713,1540,505,506,502,420,0,468,529,465,28.0
22,13:45:00.409,35134,36966,36343,35731,35626,962,1012,1004,999,999,2737,1541,1672,1671,1715,1540,504,506,499,420,0,468,528,463,28.0
23,13:45:04.913,35015,36877,36391,35524,35761,962,1011,1004,1001,998,2737,1543,1673,1673,1714,1540,502,505,500,421,0,511,531,462,28.0
24,13:45:09.194,35224,36861,36294,35448,35662,962,1012,1003,1001,996,2737,1541,1674,1676,1711,1539,505,507,501,418,0,470,530,463,28.0
25,13:45:13.670,35089,36771,36301,35498,35778,962,1011,1003,998,996,2739,1542,1672,1674,1713,1539,505,507,502,420,0,512,524,459,28.0
26,13:45:18.092,35145,36774,35920,35718,35693,961,1013,1005,1001,996,2738,1542,1673,1673,1712,1538,505,507,501,419,0,470,526,461,29.0
27,13:45:22.688,35211,36704,36041,35561,35681,961,1011,1003,999,997,2739,1545,1675,1671,1715,1538,501,509,500,420,0,511,528,463,29.0
28,13:45:27.671,35475,36823,35910,35572,35766,962,1012,1003,999,997,2740,1542,1677,1672,1713,1537,505,509,499,418,0,472,527,462,29.0
29,13:45:31.930,35495,36721,35974,35413,35847,961,1010,1003,1000,997,2738,1544,1673,1671,1713,1538,505,509,505,418,0,472,529,464,29.0
30,13:45:36.250,35581,36793,35999,35492,35701,962,1011,1005,999,995,2737,1542,1672,1672,1710,1539,505,505,501,419,0,473,530,462,29.0
31,13:45:43.012,35471,36829,36314,35722,35850,961,1011,1003,1000,997,2738,1541,1675,1672,1713,1537,506,507,499,421,0,469,529,462,29.0
32,13:45:47.311,35432,36824,36284,35543,35775,961,1011,1004,999,1000,2738,1544,1676,1672,1714,1538,505,508,500,420,0,468,531,461,29.0
33,13:45:51.561,35574,37012,36192,35620,35846,961,1011,1003,1002,998,2738,1541,1675,1672,1714,1541,504,508,502,421,0,467,525,461,29.0
34,13:45:55.850,35515,36829,36308,35598,35904,963,1011,1003,999,997,2737,1543,1672,1674,1713,1541,506,508,500,418,0,468,527,464,29.0
35,13:46:00.132,35582,36891,36397,35572,35854,961,1011,1003,1002,997,2740,1541,1675,1673,1713,1540,505,507,500,421,0,509,527,462,29.0
36,13:46:04.332,35269,36837,36318,35707,35998,963,1011,1006,999,997,2738,1543,1678,1672,1715,1537,505,509,503,418,0,469,527,463,29.0
37,13:46:08.631,35291,36954,36237,35538,35863,961,1011,1004,1003,997,2737,1543,1676,1674,1715,1540,505,508,501,420,0,467,529,461,29.0
38,13:46:12.890,35245,36785,36116,35597,35839,961,1011,1004,1003,998,2738,1545,1675,1673,1716,1538,502,508,502,417,0,470,530,461,29.0
39,13:46:17.171,35215,37044,36091,35515,36027,963,1011,1003,1000,997,2738,1544,1674,1672,1716,1539,502,506,503,418,0,469,528,463,29.0
40,13:46:21.252,35282,36755,36189,35695,35946,961,1012,1002,1004,998,2738,1542,1674,1673,1715,1538,504,506,500,421,0,473,527,460,29.0
41,13:46:27.964,35651,36789,36284,35941,35811,964,1013,1006,1002,1000,2739,1543,1674,1672,1711,1538,502,507,498,421,0,469,528,465,30.0
42,13:46:32.213,35598,36831,36310,35626,35981,962,1010,1004,1001,998,2738,1544,1675,1676,1715,1540,504,506,502,418,0,467,529,459,30.0
43,13:46:36.430,35449,36884,36168,35874,35946,961,1012,1003,998,999,2737,1545,1674,1677,1713,1539,506,506,501,421,0,471,527,459,30.0
44,13:46:40.712,35426,37081,36148,35645,35935,962,1012,1004,999,996,2739,1542,1675,1673,1715,1536,503,506,502,421,0,466,529,461,30.0
45,13:46:44.773,35613,37003,36394,35635,36000,961,1012,1005,998,998,2737,1542,1676,1676,1716,1539,504,506,501,419,0,469,529,465,30.0
46,13:46:48.893,35320,36968,36281,35741,35862,963,1010,1004,999,998,2739,1542,1675,1675,1716,1539,506,507,503,418,0,471,527,461,30.0
47,13:46:53.255,35548,37018,36199,35905,36029,961,1011,1004,1000,998,2741,1541,1674,1676,1716,1537,505,507,500,420,0,470,532,461,30.0
48,13:46:57.431,35430,36928,36009,35714,36085,962,1013,1005,998,997,2738,1541,1674,1674,1714,1538,506,506,499,420,0,469,528,464,30.0
49,13:47:01.690,35679,36966,36166,35715,36043,963,1011,1003,1002,997,2741,1543,1677,1676,1715,1535,504,505,501,421,0,471,529,459,30.0
50,13:47:06.071,35385,36893,36406,35786,35945,962,1011,1004,999,997,2739,1541,1678,1674,1715,1541,504,507,498,420,0,469,528,464,30.0
51,13:47:12.832,35628,36832,36400,36355,35938,962,1011,1006,1004,1000,2739,1544,1676,1674,1712,1538,503,509,500,419,0,466,529,460,30.0
52,13:47:16.934,35358,36971,36498,36183,36084,962,1014,1003,1002,995,2738,1544,1675,1671,1713,1540,505,507,500,419,0,466,528,462,30.0
53,13:47:21.052,35635,37077,36238,36362,35960,961,1011,1003,1002,996,2741,1541,1674,1674,1715,1541,506,508,505,419,0,469,526,461,30.0
54,13:47:25.312,35555,36924,36323,36107,36023,961,1012,1003,1001,997,2738,1543,1676,1674,1712,1538,504,506,499,420,0,467,527,461,30.0
55,13:47:29.611,35642,37106,36277,36189,36122,962,1011,1004,1000,996,2740,1542,1677,1675,1712,1538,505,505,498,417,0,470,529,461,30.0
56,13:47:33.910,35664,37082,36461,36434,35990,963,1011,1004,1001,997,2741,1545,1677,1673,1712,1539,505,507,500,420,0,466,527,462,30.0
57,13:47:38.010,35533,36980,36173,36354,35981,961,1012,1003,1000,997,2741,1543,1675,1673,1714,1539,505,507,500,420,0,472,529,461,30.0
58,13:47:42.113,35594,36821,36356,36222,36107,962,1011,1002,999,997,2740,1542,1675,1673,1713,1540,505,509,502,419,0,470,532,462,30.0
59,13:47:47.132,35405,36983,36425,36255,35935,962,1013,1003,1000,998,2737,1544,1676,1672,1711,1538,502,508,500,417,0,469,531,461,30.0
60,13:47:51.493,35478,37060,36327,36172,36175,962,1013,1004,1003,1001,2739,1544,1675,1672,1713,1538,505,507,501,420,0,470,529,461,31.0
61,13:47:58.314,35486,36810,36306,36478,35865,961,1013,1004,1001,998,2737,1542,1677,1674,1712,1538,505,507,499,416,0,470,527,462,31.0
62,13:48:02.513,35410,36696,36397,36507,35980,963,1011,1004,998,998,2737,1541,1676,1674,1712,1537,505,505,502,421,0,468,526,462,31.0
63,13:48:06.572,35542,36842,36524,36199,36084,962,1012,1002,1000,997,2740,1544,1675,1673,1712,1537,503,507,502,421,0,470,528,462,31.0
64,13:48:10.693,35596,36875,36467,36271,35954,962,1013,1004,1000,999,2738,1544,1676,1675,1716,1539,504,508,501,418,0,469,528,463,31.0
65,13:48:14.946,35513,36914,36314,36210,36106,963,1012,1004,1000,997,2741,1544,1674,1674,1712,1542,507,507,498,419,0,471,531,462,31.0
66,13:48:19.310,35536,36844,36406,36404,36082,962,1013,1004,1000,998,2741,1545,1675,1673,1716,1538,504,507,501,418,0,467,530,460,31.0
67,13:48:23.613,35437,36771,36249,36185,35980,961,1014,1004,1000,997,2739,1540,1674,1673,1712,1539,503,508,501,420,0,469,528,461,31.0
68,13:48:27.772,35394,36906,36170,36318,36272,962,1011,1004,1001,998,2739,1543,1675,1674,1714,1540,508,509,504,421,0,467,530,463,31.0
69,13:48:31.873,35575,36768,36427,36283,36200,962,1012,1006,1000,995,2738,1542,1677,1673,1716,1539,507,507,500,420,0,471,526,462,31.0
70,13:48:36.073,35374,36731,36288,36235,36148,962,1011,1006,999,997,2737,1543,1674,1672,1716,1539,502,508,500,417,0,470,526,460,31.0
71,13:48:42.874,35595,36743,36452,36561,35823,963,1013,1006,1002,998,2737,1543,1678,1670,1712,1539,505,507,503,420,0,467,530,460,31.0
72,13:48:46.952,35391,36637,36440,36392,36088,961,1011,1004,1000,998,2737,1543,1676,1670,1711,1540,505,509,498,418,0,469,527,462,31.0
73,13:48:51.011,35446,36789,36606,36230,36117,962,1011,1003,1002,997,2738,1542,1678,1672,1712,1538,504,504,499,421,0,468,526,462,31.0
74,13:48:55.189,35573,36773,36653,36372,35996,962,1013,1004,1002,998,2737,1543,1675,1674,1716,1537,501,508,501,420,0,505,526,465,31.0
75,13:48:59.517,35470,36723,36684,36248,36033,962,1011,1003,1001,995,2739,1541,1674,1672,1715,1540,504,507,499,418,0,467,530,463,31.0
76,13:49:03.935,35507,36804,36590,36219,36093,962,1010,1004,1003,997,2739,1540,1674,1674,1716,1540,506,509,501,418,0,508,525,463,31.0
77,13:49:08.216,35532,36828,36614,36348,35851,962,1010,1003,1001,994,2739,1540,1676,1675,1715,1539,502,509,499,421,0,468,527,465,31.0
78,13:49:12.474,35526,36987,36342,36241,36028,962,1010,1003,1002,996,2740,1543,1674,1675,1714,1100,505,506,502,419,0,465,529,459,31.0
79,13:49:16.715,35543,36854,36613,36383,35895,961,1010,1003,1000,998,2737,1542,1675,1675,1716,1540,507,505,501,420,0,468,529,466,31.0
80,13:49:21.152,35430,36818,36542,36317,35916,961,1010,1004,1003,996,2738,1541,1674,1676,1716,1538,505,509,501,419,0,471,529,460,31.0
81,13:49:28.110,35414,36686,36548,36466,35546,963,1014,1006,999,997,2737,1541,1675,1671,1716,1537,506,506,502,419,0,466,526,461,32.0
82,13:49:32.231,35341,36719,36567,36511,35898,962,1011,1004,999,997,2737,1545,1676,1674,1713,1540,505,508,499,418,0,469,528,462,32.0
83,13:49:36.314,35430,36812,36643,36115,36079,961,1012,1004,1002,997,2736,1540,1676,1673,1714,1539,505,508,499,420,0,472,526,461,32.0
84,13:49:40.532,35467,36700,36558,36217,36002,963,1014,1004,999,995,2738,1545,1678,1673,1714,1540,505,509,500,420,0,470,531,460,32.0
85,13:49:44.629,35330,36729,36549,36207,35938,960,1012,1002,999,997,2737,1544,1676,1674,1714,1540,504,506,502,418,0,471,527,462,32.0
86,13:49:48.753,35428,36799,36756,36366,35895,960,1012,1003,1000,998,2740,1544,1673,1673,1713,1535,506,506,502,419,0,468,529,465,32.0
87,13:49:52.892,35498,36957,36689,36214,36046,961,1011,1005,1000,997,2738,1541,1676,1674,1712,1539,505,506,502,417,0,467,530,464,32.0
88,13:49:57.073,35475,36879,36573,36325,36061,962,1011,1002,1002,996,2740,1543,1675,1677,1712,1542,504,506,499,418,0,469,529,461,32.0
89,13:50:01.255,35656,36754,36655,36484,35927,961,1012,1004,1000,998,2737,1543,1676,1674,1714,1542,503,507,503,418,0,469,528,461,32.0
90,13:50:05.355,35372,36881,36585,36311,35792,963,1012,1003,1002,997,2739,1542,1674,1674,1712,607,507,506,500,420,0,466,527,464,32.0
91,13:50:12.236,35477,36601,36437,36528,35785,962,1014,1006,1003,998,2739,1541,1674,1671,1715,1540,505,509,498,417,0,470,527,465,32.0
92,13:50:16.491,35586,36725,36337,36379,35866,962,1011,1003,1001,996,2739,1541,1675,1672,1713,1538,505,504,501,420,0,513,530,466,32.0
93,13:50:20.653,35456,36665,36734,36245,35721,962,1012,1002,1001,998,2736,1540,1675,1671,1711,1539,505,505,499,421,0,472,529,466,32.0
94,13:50:24.834,35333,36954,36448,36581,35773,962,1010,1004,1001,997,2736,1545,1676,1674,1714,1538,503,505,500,419,0,513,529,463,32.0
95,13:50:28.952,35431,36891,36347,36340,36092,961,1011,1004,1002,997,2741,1544,1673,1673,1712,1538,504,506,500,420,0,467,531,463,32.0
96,13:50:33.051,35403,36648,36475,36354,35907,962,1010,1005,1001,997,2740,1541,1675,1675,1715,1540,503,507,502,419,0,467,531,464,32.0
97,13:50:37.253,35400,36758,36333,36436,35836,962,1011,1004,1001,997,2738,1541,1674,1673,1714,1539,505,507,500,420,0,469,529,460,32.0
98,13:50:41.334,35497,36671,36748,36565,35765,961,1012,1007,1000,997,2740,1541,1674,1674,1715,1538,505,507,501,417,0,467,529,461,32.0
99,13:50:45.533,35496,36758,36710,36402,35843,961,1010,1004,999,997,2739,1540,1676,1673,1714,1538,502,508,501,420,0,467,529,461,32.0
100,13:50:49.674,35499,36603,36474,36249,35856,962,1010,1002,1000,996,2739,1540,1676,1672,1711,1537,504,504,501,418,0,468,528,461,32.0
101,13:50:56.492,35312,36814,36439,36437,35713,963,1011,1005,1001,1000,2738,1542,1674,1673,1713,1537,505,507,501,417,0,469,525,463,32.0
102,13:51:00.693,35250,36916,36774,36123,35889,960,1011,1004,1001,997,2739,1541,1674,1674,1713,783,502,507,502,420,0,469,528,461,32.0
103,13:51:05.054,35302,36720,36497,36217,35928,962,1012,1004,1000,997,2738,1545,1676,1673,1714,1537,504,505,500,419,0,468,528,465,32.0
104,13:51:09.375,35290,36762,36302,36217,35830,962,1011,1004,998,995,2736,1544,1676,1673,1713,1540,505,506,500,419,0,469,526,461,32.0
105,13:51:13.494,35536,36666,36385,36299,35635,961,1010,1007,1003,997,2737,1540,1675,1673,1711,1538,505,507,500,420,0,468,529,460,32.0
106,13:51:17.814,35472,36932,36480,36295,35686,963,1011,1002,1001,997,2735,1545,1677,1674,1712,1539,505,510,500,420,0,468,525,462,32.0
107,13:51:21.893,35393,36709,36513,36287,35724,961,1013,1005,1002,997,2737,1545,1676,1674,1714,1539,502,509,501,416,0,467,527,461,33.0
108,13:51:25.994,35493,36745,36473,36566,35766,964,1011,1004,1001,1000,2737,1544,1676,1673,1716,1537,501,506,501,418,0,470,529,465,33.0
109,13:51:30.235,35317,36961,36505,36243,36095,961,1010,1006,999,997,2736,1544,1674,1672,1717,1541,501,508,502,420,0,510,530,463,33.0
110,13:51:34.412,35320,36770,36390,36362,35956,963,1010,1005,1001,999,2739,1542,1678,1676,1717,1537,503,507,501,418,0,470,525,465,33.0
111,13:51:41.194,35590,36740,36448,36603,35775,963,1011,1003,1000,997,2738,1540,1675,1672,1717,1540,504,508,503,418,0,469,525,460,33.0
112,13:51:45.433,35431,36789,36642,36537,35783,963,1010,1004,1001,997,2737,1544,1676,1672,1711,1539,506,508,500,421,0,512,530,464,33.0
113,13:51:49.554,35536,36864,36402,36391,35841,961,1010,1004,1001,997,2735,1540,1676,1671,1711,1541,502,507,499,418,0,471,530,467,33.0
114,13:51:53.594,35217,36791,36598,36052,35783,961,1011,1005,1002,999,2736,1543,1675,1674,1712,70,505,509,500,420,0,470,531,461,33.0
115,13:51:57.861,35348,36856,36624,36226,35810,962,1011,1005,1000,996,2738,1544,1673,1672,1713,1536,503,505,504,417,0,467,529,462,33.0
116,13:52:02.074,35593,36901,36576,36284,35734,961,1013,1004,1000,998,2739,1545,1674,1673,1715,1537,503,507,502,421,0,468,528,461,33.0
117,13:52:06.154,35314,36821,36655,36518,35885,960,1010,1004,1002,998,2737,1542,1677,1672,1714,1538,506,508,502,417,0,471,532,462,33.0
118,13:52:10.414,35372,36924,36306,36367,35859,962,1012,1003,1001,995,2736,1543,1674,1670,1715,1179,504,506,500,420,0,472,529,461,33.0
119,13:52:14.594,35493,36917,36264,36235,35821,962,1011,1004,1002,996,2740,1541,1678,1675,1713,1540,502,506,501,418,0,503,528,462,33.0
120,13:52:18.815,35543,36869,36364,36475,35877,962,1011,1002,1000,997,2736,1543,1674,1674,1715,27,503,507,501,419,0,469,530,463,33.0
121,13:52:26.338,35404,36723,36756,36404,35840,963,1011,1006,1002,996,2737,1544,1678,1672,1712,1539,503,509,502,420,0,468,527,463,33.0
122,13:52:30.493,35470,36793,36673,36288,35776,963,1012,1003,1004,996,2740,1542,1676,1671,1711,1539,503,505,501,420,0,469,529,463,33.0
123,13:52:34.915,35439,36836,36669,36327,35775,962,1013,1005,1001,997,2739,1541,1678,1673,1712,1522,503,505,498,418,0,470,530,461,33.0
124,13:52:39.147,35470,36869,36468,36438,35700,962,1011,1004,1000,997,2739,1543,1676,1671,1712,1540,503,507,500,420,0,468,531,463,33.0
125,13:52:43.357,35413,36832,36554,36397,35765,960,1010,1004,1002,998,2740,1542,1674,1671,1711,1537,504,507,504,420,0,469,528,463,33.0
126,13:52:47.534,35256,36754,36460,36464,35725,963,1010,1004,1003,996,2738,1543,1675,1672,1712,1539,501,508,500,421,0,465,528,464,33.0
127,13:52:51.617,35361,36720,36720,36250,35729,962,1011,1002,999,996,2739,1542,1673,1675,1715,58,503,504,502,420,0,469,529,464,33.0
128,13:52:55.814,35383,36894,36539,36414,35692,961,1013,1005,999,995,2737,1544,1674,1671,1713,1540,503,508,502,417,0,466,526,462,33.0
129,13:52:59.895,35442,36925,36458,36413,35888,961,1010,1004,1001,997,2738,1543,1676,1672,1712,1540,504,506,502,417,0,467,529,464,33.0
130,13:53:04.097,35222,36791,36666,36469,35625,962,1010,1004,999,996,2739,1541,1674,1673,1713,1536,505,506,500,419,0,469,527,466,33.0
131,13:53:11.116,35399,36753,36478,36467,35889,962,1016,1004,1003,998,2738,1543,1674,1672,1713,1193,504,508,503,418,0,467,528,465,33.0
132,13:53:15.246,35363,36512,36408,36519,35894,961,1010,1003,1000,995,2739,1541,1677,1673,1712,1540,506,506,500,421,0,468,527,461,33.0
133,13:53:19.375,35284,36751,36187,36387,35881,962,1012,1004,1003,998,2738,1542,1675,1672,1711,19,505,507,501,420,0,472,526,466,33.0
134,13:53:23.594,35391,36798,36560,36365,35901,963,1011,1004,1001,998,2740,1543,1676,1672,1712,1539,507,506,501,420,0,511,531,463,33.0
135,13:53:27.674,35519,36563,36509,36415,35894,961,1010,1004,1001,996,2740,1541,1677,1674,1713,1540,503,506,500,417,0,468,529,464,33.0
136,13:53:31.677,35603,36844,36469,36453,35868,962,1011,1003,999,995,2736,1540,1674,1672,1713,27,505,507,501,421,0,468,528,462,34.0
137,13:53:35.794,35414,36841,36358,36328,35818,961,1012,1003,1001,996,2739,1541,1675,1673,1713,1535,506,509,503,421,0,470,528,459,34.0
138,13:53:39.876,35360,36704,36205,36548,35902,961,1012,1003,1000,997,2739,1541,1676,1672,1716,25,503,509,502,417,0,468,527,463,34.0
139,13:53:43.917,35242,36635,36224,36486,36067,962,1010,1004,999,996,2738,1542,1677,1672,1713,1538,504,505,501,419,0,471,531,462,34.0
140,13:53:48.136,35540,36540,36303,36670,35902,962,1013,1005,1002,996,2737,1541,1676,1676,1714,1537,503,508,502,417,0,468,527,462,34.0
141,13:53:55.057,35441,36795,36589,36557,36188,963,1011,1004,1002,996,2739,1540,1677,1671,1714,1535,505,504,500,420,0,465,530,464,34.0
142,13:53:59.235,35223,36892,36342,36435,36012,961,1011,1003,1000,996,2738,1542,1676,1672,1712,1539,504,509,498,421,0,469,527,460,34.0
143,13:54:03.537,35601,36906,36452,36507,35996,963,1011,1003,999,997,2736,1540,1672,1674,1714,1537,506,509,502,419,0,467,528,463,34.0
144,13:54:07.634,35389,36842,36498,36398,35977,963,1013,1005,999,998,2737,1542,1675,1672,1713,1107,506,507,500,418,0,467,530,464,34.0
145,13:54:11.775,35302,36722,36342,36383,36010,962,1011,1005,1002,996,2737,1541,1674,1672,1714,1541,506,509,501,417,0,473,531,464,34.0
146,13:54:15.877,35557,36864,36395,36614,35992,962,1010,1003,1002,996,2737,1540,1676,1671,1711,56,504,507,501,421,0,499,530,460,34.0
147,13:54:19.920,35313,36884,36396,36458,35955,962,1013,1003,1001,998,2737,1543,1676,1672,1712,80,509,505,502,420,0,472,526,459,34.0
148,13:54:24.016,35410,36582,36356,36249,36082,960,1010,1005,1002,996,2737,1542,1675,1672,1713,1540,505,508,506,418,0,467,531,465,34.0
149,13:54:28.036,35602,37003,36355,36603,35894,963,1013,1003,1001,997,2740,1541,1677,1673,1714,26,506,508,500,419,0,468,531,463,34.0
150,13:54:32.297,35270,36765,36482,36435,35898,962,1011,1005,999,996,2739,1544,1677,1672,1716,1227,505,506,502,418,0,467,531,463,34.0
151,13:54:39.038,35632,36571,36680,36500,35874,961,1011,1005,1002,997,2739,1542,1675,1672,1712,1534,506,505,503,419,0,471,526,462,34.0
152,13:54:43.196,35391,36761,36270,36612,35905,962,1011,1003,998,1001,2737,1543,1676,1672,1711,1539,504,508,500,420,0,472,529,463,34.0
153,13:54:47.457,35519,36937,36482,36407,35789,962,1011,1005,999,998,2738,1542,1673,1675,1712,14,502,507,504,418,0,469,526,463,34.0
154,13:54:51.679,35406,36742,36354,36450,36002,962,1012,1004,1000,1000,2740,1543,1673,1671,1713,1539,505,505,501,419,0,468,528,460,34.0
155,13:54:55.856,35551,36427,36652,36443,35939,962,1011,1004,1001,998,2737,1542,1676,1673,1713,1540,503,507,500,418,0,466,527,461,34.0
156,13:54:59.947,35457,36847,36640,36388,35964,962,1010,1004,1001,999,2737,1543,1676,1673,1711,88,504,506,501,420,0,468,524,463,34.0
157,13:55:04.416,35522,36844,36820,36365,36023,961,1010,1004,1003,998,2739,1542,1673,1672,1712,1538,501,506,500,421,0,447,531,462,34.0
158,13:55:08.594,35515,36523,36858,36397,36035,964,1014,1004,1001,998,2740,1541,1677,1675,1712,33,505,505,501,421,0,467,525,463,34.0
159,13:55:12.678,35563,36699,36907,36301,36010,962,1014,1005,1001,999,2740,1543,1676,1672,1712,32,505,504,499,418,0,471,527,463,34.0
160,13:55:16.958,35640,36742,36851,36508,36054,962,1013,1003,1000,999,2737,1539,1677,1673,1712,1540,502,507,501,419,0,467,528,463,34.0
161,13:55:23.739,35586,36649,37079,36368,36210,963,1012,1004,1002,1000,2738,1542,1674,1671,1714,1540,502,506,501,420,0,467,525,460,34.0
162,13:55:27.837,35362,36812,37088,36574,36032,961,1011,1005,1001,997,2737,1543,1675,1672,1715,28,503,509,498,421,0,466,527,463,34.0
163,13:55:32.037,35432,36851,36966,36466,36056,962,1014,1004,1000,997,2737,1543,1676,1672,1716,53,504,508,501,418,0,512,526,462,34.0
164,13:55:36.339,35519,36764,36864,36388,35970,962,1012,1003,1000,997,2737,1541,1674,1673,1716,1542,505,507,500,417,0,472,529,464,34.0
165,13:55:40.378,35527,36850,36810,36429,36054,963,1013,1005,1000,999,2737,1544,1676,1672,1717,37,505,508,500,418,0,472,532,460,34.0
166,13:55:44.737,35494,36894,37065,36316,35990,960,1013,1003,1000,997,2739,1542,1678,1672,1715,1538,501,506,505,421,0,511,528,463,34.0
167,13:55:48.778,35471,36764,36764,36490,35991,961,1012,1003,1000,996,2738,1543,1676,1672,1715,26,503,507,501,420,0,469,527,462,34.0
168,13:55:52.976,35254,36609,36887,36412,36004,962,1013,1003,1000,996,2737,1543,1676,1671,1716,926,504,506,501,421,0,468,524,464,34.0
169,13:55:57.056,35380,36669,37096,36464,36013,962,1011,1005,1000,998,2738,1543,1676,1674,1717,6,503,506,502,418,0,470,531,459,35.0
170,13:56:01.159,35343,36609,37057,36514,36089,962,1011,1004,1001,997,2738,1539,1673,1672,1716,38,506,505,499,420,0,467,526,461,35.0
171,13:56:07.876,35399,36710,37139,36415,36248,962,1012,1006,1003,999,2736,1544,1676,1671,1715,1539,504,505,500,417,0,469,524,464,35.0
172,13:56:11.956,35416,36817,36858,36578,35940,962,1011,1004,1001,998,2736,1542,1676,1670,1714,11,505,508,505,420,0,468,530,464,35.0
173,13:56:16.118,35349,36539,36770,36386,35954,961,1010,1004,1000,996,2736,1544,1676,1670,1717,20,503,508,498,419,0,449,527,464,35.0
174,13:56:20.314,35438,36756,36892,36296,35888,962,1011,1008,1000,998,2741,1542,1674,1674,1716,33,505,506,502,419,0,510,531,464,35.0
175,13:56:24.355,35509,36674,37037,36486,36214,961,1014,1004,1001,998,2736,1541,1675,1672,1716,49,503,508,500,421,0,467,531,461,35.0
176,13:56:28.455,35432,36607,36865,36415,36024,962,1010,1004,999,997,2736,1544,1676,1671,1717,51,504,509,501,420,0,472,526,464,35.0
177,13:56:32.615,35391,36570,37016,36488,35897,961,1013,1003,1002,995,2738,1544,1675,1671,1715,1540,504,508,502,421,0,469,530,464,35.0
178,13:56:36.834,35425,36641,36841,36455,36093,961,1013,1003,1000,997,2737,1543,1674,1673,1715,18,503,505,504,418,0,512,528,465,35.0
179,13:56:40.977,35340,36770,36858,36375,36388,961,1011,1004,999,997,2739,1544,1676,1672,1716,1538,504,505,501,419,0,470,525,459,35.0
180,13:56:45.113,35379,36681,36770,36608,36215,963,1013,1005,1000,995,2737,1543,1676,1672,1717,42,501,509,500,420,0,467,529,464,35.0
181,13:56:52.234,35398,36705,36986,36581,36137,961,1010,1006,1000,996,2739,1539,1672,1672,1717,1531,504,507,502,420,0,468,528,462,35.0
182,13:56:56.472,35266,36731,36881,36453,36177,962,1012,1005,1000,998,2737,1542,1675,1674,1716,1540,506,507,499,419,0,470,530,465,35.0
183,13:57:00.634,35445,36759,36876,36252,36316,962,1012,1003,1000,996,2736,1544,1675,1673,1717,20,507,504,498,421,0,497,528,462,35.0
184,13:57:04.872,35401,36863,36892,36392,36309,961,1011,1004,1000,997,2738,1542,1673,1673,1715,1538,505,506,505,419,0,468,529,465,35.0
185,13:57:09.052,35541,36934,36961,36523,36339,963,1011,1004,1002,998,2740,1543,1675,1673,1716,14,507,508,501,417,0,511,531,463,35.0
186,13:57:13.092,35369,36933,36876,36484,36272,961,1010,1003,1002,1000,2739,1539,1674,1673,1716,34,506,508,501,420,0,469,527,463,35.0
187,13:57:17.271,35322,36844,36984,36460,36123,961,1011,1003,1001,997,2739,1543,1675,1672,1716,827,505,507,502,420,0,468,527,463,35.0
188,13:57:21.531,35353,36620,36950,36519,36214,961,1013,1003,1002,997,2737,1543,1673,1673,1716,128,502,505,501,421,0,498,529,460,35.0
189,13:57:25.610,35198,36825,36868,36300,36151,962,1010,1003,1002,997,2736,1543,1676,1671,1716,92,506,508,498,418,0,469,529,462,35.0
190,13:57:29.953,35390,36738,36769,36383,36171,962,1012,1002,999,995,2739,1540,1676,1671,1716,1540,505,504,500,421,0,418,531,462,35.0
191,13:57:39.633,35575,36462,36584,36387,36144,963,1011,1006,1004,1000,2736,1541,1676,1671,1713,1540,504,506,501,417,0,467,525,460,35.0
192,13:57:43.708,35446,36551,36562,36472,36072,961,1012,1004,1001,995,2737,1544,1674,1676,1717,75,506,506,505,420,0,468,531,463,35.0
193,13:57:47.869,35333,36542,36613,36377,36238,960,1010,1003,1000,997,2739,1542,1676,1672,1714,1537,505,508,503,419,0,469,529,462,35.0
194,13:57:52.067,35401,36519,36550,36470,36320,962,1012,1003,1002,999,2738,1544,1674,1674,1713,1539,503,508,498,418,0,471,527,465,35.0
195,13:57:56.110,35358,36277,36385,36515,36312,962,1014,1004,1000,997,2737,1544,1675,1675,1711,27,503,506,499,417,0,468,531,462,35.0
196,13:58:00.396,35374,36593,36556,36616,36161,962,1014,1005,1001,996,2739,1541,1674,1673,1716,1538,503,506,501,421,0,512,529,464,35.0
197,13:58:04.666,35549,36829,36613,36382,36297,962,1013,1003,1000,997,2737,1541,1675,1675,1712,22,505,507,498,421,0,470,528,464,35.0
198,13:58:08.987,35567,36378,36444,36254,36274,961,1012,1004,1002,998,2739,1542,1672,1672,1712,1538,505,508,501,420,0,507,527,462,35.0
199,13:58:13.287,35598,36602,36418,36459,36291,964,1013,1004,1000,996,2738,1543,1675,1673,1715,1537,506,506,501,420,0,468,530,464,35.0
200,13:58:17.567,35556,36598,36587,36365,36351,962,1011,1007,1000,997,2737,1542,1675,1671,1711,1538,503,505,502,420,0,470,530,460,35.0
201,13:58:24.429,35566,36747,36445,36430,36421,962,1011,1005,1002,997,2736,1544,1676,1672,1715,1542,502,506,500,417,0,468,529,465,35.0
202,13:58:28.544,35472,36666,36518,36602,36391,962,1011,1003,1001,998,2737,1543,1676,1672,1716,0,503,505,499,419,0,471,530,464,35.0
203,13:58:33.503,35313,36625,36212,36644,36335,962,1011,1004,1000,997,2738,1543,1676,1671,1714,0,501,507,499,421,0,469,527,464,35.0
204,13:58:37.908,35528,36688,36348,36458,36239,962,1011,1004,1001,996,2737,1541,1674,1672,1711,0,507,508,501,419,0,471,527,461,35.0
205,13:58:42.284,35371,36559,36284,36595,36211,962,1012,1004,1003,998,2738,1540,1674,1674,1713,0,503,507,501,420,0,468,531,460,35.0
206,13:58:46.524,35448,36542,36259,36420,36248,962,1013,1004,1001,996,2740,1544,1673,1674,1712,0,505,508,504,417,0,501,532,461,35.0
207,13:58:50.646,35530,36637,36268,36341,36208,962,1011,1005,1000,999,2736,1541,1673,1672,1715,0,503,505,503,419,0,470,531,466,35.0
208,13:58:54.805,35444,36690,36288,36577,36266,962,1011,1003,1001,997,2736,1539,1675,1674,1712,0,505,506,505,420,0,511,527,462,36.0
209,13:58:58.884,35466,36587,36325,36412,36448,962,1014,1002,1001,998,2737,1543,1675,1672,1712,0,501,507,501,419,0,470,527,465,36.0
210,13:59:03.005,35403,36690,36332,36600,36428,962,1012,1004,1000,999,2738,1545,1673,1673,1713,69,504,507,504,420,0,467,524,463,36.0
211,13:59:09.841,35414,36338,36665,36507,36468,963,1013,1006,999,997,2737,1541,1675,1671,1713,1538,501,506,505,420,0,468,528,463,36.0
212,13:59:13.942,35553,36348,36386,36556,36168,960,1011,1007,1000,998,2738,1544,1672,1673,1713,29,506,506,501,417,0,466,529,463,36.0
213,13:59:18.339,35475,36675,36425,36568,36308,962,1011,1007,1000,998,2738,1540,1672,1673,1712,660,504,504,504,420,0,469,531,463,36.0
214,13:59:22.453,35416,36361,36388,36537,36276,962,1013,1008,1001,999,2738,1543,1673,1674,1712,1540,505,506,501,420,0,467,530,464,36.0
215,13:59:26.701,35355,36374,36281,36371,36203,962,1012,1004,1001,995,2737,1542,1674,1676,1712,1540,504,508,499,420,0,485,526,462,36.0
216,13:59:30.821,35345,36498,36400,36440,36365,962,1011,1005,1001,995,2738,1544,1673,1675,1715,1536,504,507,504,421,0,467,530,463,36.0
217,13:59:35.242,35451,36400,36544,36608,36211,962,1010,1004,1003,997,2739,1543,1673,1677,1711,1542,504,507,501,420,0,440,530,461,36.0
218,13:59:39.380,35383,36419,36442,36502,36275,962,1010,1005,1002,997,2738,1542,1672,1676,1711,1540,503,506,502,418,0,469,527,464,36.0
219,13:59:43.422,35553,36319,36413,36498,36410,961,1013,1005,1001,997,2736,1543,1672,1675,1712,14,506,508,500,421,0,467,526,463,36.0
220,13:59:47.500,35343,36672,36505,36512,36160,962,1015,1002,1005,998,2738,1542,1672,1676,1713,52,504,506,498,418,0,472,526,462,36.0
221,13:59:54.185,35442,36613,36519,36449,36343,961,1012,1005,1002,998,2737,1541,1674,1672,1711,1538,502,506,505,419,0,471,528,460,36.0
222,13:59:58.281,35544,36770,36441,36321,36299,962,1012,1004,1000,997,2737,1543,1675,1673,1714,70,504,506,499,420,0,467,527,462,36.0
223,14:00:02.720,35399,36630,36558,36404,36159,961,1010,1004,1002,997,2739,1542,1676,1673,1712,1542,506,506,498,419,0,511,529,461,36.0
224,14:00:06.779,35408,36687,36419,36286,36255,962,1012,1007,999,994,2739,1541,1676,1671,1713,88,503,508,499,420,0,467,529,463,36.0
225,14:00:10.898,35571,36649,36508,36570,36425,961,1012,1002,1000,996,2739,1543,1677,1673,1715,723,503,507,500,419,0,468,528,460,36.0
226,14:00:14.957,35341,36619,36564,36564,36252,961,1015,1004,1000,998,2737,1543,1674,1673,1714,52,505,507,501,418,0,469,532,463,36.0
227,14:00:19.197,35462,36887,36820,36471,36338,961,1011,1005,1004,995,2737,1541,1678,1671,1713,1540,505,506,500,418,0,472,532,465,36.0
228,14:00:23.236,35500,36657,36839,36220,36226,962,1015,1002,1002,997,2737,1540,1676,1672,1715,39,505,505,501,422,0,466,528,461,36.0
229,14:00:27.358,35326,36770,36868,36549,36311,962,1012,1002,1001,996,2737,1545,1676,1674,1714,64,503,507,501,418,0,469,531,463,36.0
230,14:00:31.594,35366,36773,36981,36483,36282,962,1014,1004,1003,997,2738,1544,1674,1674,1714,1535,504,508,499,418,0,508,532,461,36.0
231,14:00:38.256,35480,36524,36424,36419,36305,962,1016,1006,1000,998,2738,1542,1675,1670,1716,1539,503,507,502,416,0,467,530,463,36.0
232,14:00:42.514,35285,36664,36819,36559,36359,964,1012,1004,999,996,2739,1541,1674,1672,1717,1538,502,506,502,420,0,468,528,465,36.0
233,14:00:46.555,35386,36400,36364,36412,36373,962,1014,1004,998,998,2738,1539,1674,1673,1716,47,501,507,502,419,0,469,531,461,36.0
234,14:00:50.694,35390,36555,36663,36428,36258,962,1011,1003,999,998,2736,1542,1673,1673,1716,1537,504,507,498,420,0,471,528,463,36.0
235,14:00:54.775,35370,36383,36219,36516,36439,961,1010,1003,1001,998,2738,1541,1675,1673,1716,41,506,505,503,419,0,469,529,462,36.0
236,14:00:58.934,35727,36605,36474,36547,36360,962,1011,1004,1002,998,2736,1544,1676,1674,1717,1541,504,508,505,418,0,509,532,464,36.0
237,14:01:02.973,35442,36463,36436,36449,36232,962,1012,1004,1001,997,2736,1542,1674,1671,1715,25,505,505,500,419,0,467,529,464,36.0
238,14:01:07.094,35448,36422,36532,36367,36283,962,1012,1005,1002,996,2736,1543,1674,1673,1716,1541,505,505,500,418,0,466,528,464,36.0
239,14:01:11.211,35441,36399,36183,36522,36327,964,1011,1004,1004,997,2738,1538,1677,1672,1716,23,503,505,498,419,0,466,528,464,36.0
240,14:01:15.332,35425,36648,36454,36545,36213,962,1013,1003,1003,996,2737,1541,1675,1672,1717,1541,502,506,500,421,0,468,532,460,36.0
241,14:01:22.153,35555,36528,36550,36453,36230,964,1012,1004,1001,999,2738,1541,1678,1672,1711,1537,504,508,502,419,0,468,529,463,36.0
242,14:01:26.294,35463,36460,36207,36486,36414,961,1012,1002,1000,997,2736,1543,1675,1673,1715,1539,505,506,501,420,0,470,528,461,36.0
243,14:01:30.454,35396,36543,36108,36672,36275,962,1012,1002,998,998,2738,1543,1676,1672,1712,1537,505,508,500,420,0,511,527,461,36.0
244,14:01:34.657,35384,36624,36510,36499,36297,960,1013,1001,1003,997,2738,1543,1675,1670,1712,26,506,508,505,421,0,469,529,464,36.0
245,14:01:38.891,35378,36574,36389,36471,36355,963,1013,1004,1001,997,2737,1542,1674,1672,1715,1497,504,507,500,418,0,470,527,463,36.0
246,14:01:42.934,35485,36778,36467,36239,36350,963,1012,1004,1002,997,2736,1544,1676,1672,1714,27,505,509,501,419,0,467,530,460,36.0
247,14:01:47.033,35366,36604,36468,36507,36368,960,1013,1003,1000,997,2736,1542,1676,1674,1711,1538,505,506,503,420,0,471,529,465,36.0
248,14:01:51.151,35396,36638,36259,36450,36592,961,1011,1003,1001,997,2740,1541,1676,1671,1711,22,505,505,502,419,0,469,530,464,36.0
249,14:01:55.230,35406,36577,36461,36290,36468,961,1012,1004,1000,998,2736,1544,1677,1673,1711,1539,502,508,500,420,0,466,528,462,36.0
250,14:01:59.310,35671,36488,36590,36589,36397,961,1011,1002,1002,997,2736,1542,1676,1672,1716,16,504,506,503,421,0,469,528,463,36.0
251,14:02:06.769,35627,36653,36715,36465,36362,960,1014,1005,1004,998,2736,1538,1673,1674,1714,1537,505,509,502,420,0,468,531,463,36.0
252,14:02:10.814,35340,36340,36375,36524,36292,962,1011,1005,1000,996,2738,1544,1676,1675,1716,80,503,506,500,421,0,469,528,461,37.0
253,14:02:14.952,35190,36476,36453,36362,36177,961,1013,1003,1001,997,2736,1543,1676,1672,1714,1540,506,508,502,417,0,467,530,460,37.0
254,14:02:19.032,35415,36571,36416,36452,36336,962,1012,1002,1001,997,2738,1542,1675,1672,1716,42,505,506,502,420,0,467,530,460,37.0
255,14:02:23.308,35648,36587,36551,36458,36367,962,1012,1004,1001,995,2737,1543,1673,1671,1716,1537,501,506,501,419,0,468,530,460,37.0
256,14:02:27.331,35511,36510,36541,36308,36346,962,1012,1006,1000,997,2735,1542,1675,1672,1715,25,505,507,500,421,0,468,530,461,37.0
257,14:02:31.450,35394,36585,36632,36532,36301,962,1013,1004,1000,998,2736,1541,1675,1670,1714,1540,505,504,500,420,0,469,527,462,37.0
258,14:02:35.840,35509,36634,36507,36358,36331,962,1012,1004,1001,996,2736,1541,1677,1672,1717,1540,504,508,503,420,0,468,529,461,37.0
259,14:02:39.949,35478,36621,36562,36501,36365,963,1011,1004,1001,997,2736,1539,1674,1674,1716,1539,505,507,501,423,0,468,528,462,37.0
260,14:02:44.049,35473,36519,36531,36522,36493,961,1013,1005,1002,997,2737,1542,1677,1671,1716,1537,504,508,504,418,0,466,530,463,37.0
261,14:02:50.850,35461,36445,36638,36624,36373,963,1011,1004,1000,1000,2736,1541,1676,1675,1713,1535,501,509,505,420,0,469,528,464,37.0
262,14:02:55.011,35507,36409,36653,36530,36226,962,1011,1004,1001,996,2737,1541,1675,1674,1714,24,506,505,503,420,0,513,529,461,37.0
263,14:02:59.089,35438,36619,36492,36329,36427,962,1013,1004,1002,998,2738,1542,1674,1672,1712,1537,508,508,506,418,0,468,531,460,37.0
264,14:03:03.150,35346,36562,36540,36529,36246,962,1012,1004,1001,996,2736,1542,1674,1672,1714,26,503,508,501,419,0,467,528,460,37.0
265,14:03:07.211,35396,36518,36826,36346,36345,962,1012,1006,1000,998,2736,1543,1677,1674,1714,1539,504,508,500,421,0,471,527,464,37.0
266,14:03:11.389,35512,36507,36433,36429,36473,961,1010,1006,1001,996,2737,1543,1677,1674,1713,20,505,508,502,420,0,472,530,460,37.0
267,14:03:15.468,35454,36622,36673,36514,36277,962,1012,1005,998,998,2738,1543,1675,1671,1714,1538,504,506,502,419,0,470,531,460,37.0
268,14:03:19.650,35492,36529,36265,36542,36253,961,1011,1006,999,995,2738,1541,1676,1672,1713,24,504,508,501,420,0,469,528,465,37.0
269,14:03:23.949,35417,36558,36376,36389,36380,961,1011,1006,999,996,2736,1542,1673,1672,1711,1538,503,506,503,420,0,467,527,463,37.0
270,14:03:27.969,35554,36451,36280,36514,36482,961,1011,1006,1002,996,2736,1541,1676,1672,1712,59,504,508,500,418,0,468,529,463,37.0
271,14:03:34.709,35339,36553,36388,36521,36383,961,1012,1006,1000,997,2739,1542,1678,1671,1713,1540,505,507,502,421,0,471,527,464,37.0
272,14:03:38.827,35459,36398,36361,36218,36382,962,1011,1003,1003,998,2738,1542,1674,1676,1712,1535,505,508,504,421,0,470,531,465,37.0
273,14:03:42.908,35403,36416,36288,36461,36484,961,1011,1003,1004,997,2740,1540,1675,1672,1713,27,505,507,499,420,0,468,528,463,37.0
274,14:03:47.009,35466,36470,36270,36348,36383,961,1013,1005,1003,997,2738,1543,1675,1673,1714,1537,505,508,500,420,0,470,530,464,37.0
275,14:03:51.250,35432,36569,36320,36097,36442,962,1011,1003,1002,996,2736,1543,1677,1673,1713,1542,505,507,498,420,0,468,527,461,37.0
276,14:03:55.428,35403,36554,36357,36382,36362,962,1012,1002,1005,995,2738,1540,1675,1673,1711,1536,504,507,499,421,0,470,528,463,37.0
277,14:03:59.526,35502,36545,36377,36405,36259,961,1012,1003,1001,995,2737,1544,1675,1672,1713,1536,504,508,501,419,0,469,529,463,37.0
278,14:04:03.588,35542,36521,36425,36330,36450,963,1011,1003,1001,994,2737,1543,1674,1674,1713,25,505,507,500,417,0,468,530,463,37.0
279,14:04:07.729,35360,36481,36483,36256,36563,962,1013,1005,1000,996,2736,1543,1675,1673,1712,1539,504,506,500,420,0,469,528,465,37.0
280,14:04:11.888,35393,36652,36533,36487,36212,961,1010,1008,1000,998,2737,1544,1677,1674,1712,1538,504,507,498,417,0,468,525,465,37.0
281,14:04:18.528,35574,36576,36665,36401,36459,962,1012,1007,999,997,2738,1542,1675,1673,1712,1540,506,508,501,418,0,510,529,460,37.0
282,14:04:22.628,35331,36601,36461,36381,36326,962,1010,1004,999,995,2738,1541,1674,1672,1712,31,504,507,502,419,0,467,530,462,37.0
283,14:04:26.767,35528,36557,36683,36398,36362,961,1012,1004,1001,997,2738,1539,1678,1672,1712,1539,504,507,501,420,0,472,525,460,37.0
284,14:04:31.006,35463,36640,36383,36245,36481,961,1010,1002,1001,995,2737,1542,1676,1671,1712,1538,504,507,502,420,0,471,529,461,37.0
285,14:04:35.358,35608,36519,36280,36593,36348,960,1012,1004,1001,995,2736,1542,1676,1672,1712,27,506,505,503,421,0,470,529,462,37.0
286,14:04:39.810,35468,36519,36465,36583,36276,962,1012,1004,999,998,2736,1542,1675,1675,1715,1535,504,508,498,421,0,470,531,461,37.0
287,14:04:44.083,35322,36519,36078,36382,36309,963,1012,1003,1000,995,2736,1541,1674,1672,1712,26,504,506,499,419,0,511,530,462,37.0
288,14:04:48.622,35469,36784,36121,36410,36453,961,1011,1004,1000,998,2738,1540,1676,1673,1711,1537,505,506,502,421,0,510,530,461,37.0
289,14:04:53.586,35480,36600,36340,36449,36295,961,1014,1004,1001,997,2736,1542,1676,1672,1717,23,502,507,502,418,0,470,530,462,37.0
290,14:04:57.867,35508,36507,36302,36251,36334,961,1011,1003,998,996,2739,1540,1673,1674,1715,1539,505,508,500,420,0,471,527,461,37.0
291,14:05:04.845,35477,36669,36413,36474,36400,962,1012,1003,1001,996,2739,1544,1676,1672,1715,1540,505,507,499,420,0,469,528,463,37.0
292,14:05:08.928,35365,36465,36447,36466,36434,962,1012,1004,1000,996,2736,1542,1676,1670,1711,97,505,505,503,420,0,466,528,466,37.0
293,14:05:13.195,35466,36660,36189,36460,36616,962,1012,1003,1000,998,2738,1539,1676,1672,1712,1537,501,506,504,420,0,468,528,465,37.0
294,14:05:17.465,35470,36653,36451,36443,36250,962,1013,1003,1002,995,2739,1539,1676,1673,1714,23,505,508,504,421,0,469,530,460,37.0
295,14:05:21.806,35472,36693,36309,36312,36217,962,1012,1004,1001,995,2738,1540,1678,1672,1714,1538,505,507,500,420,0,469,529,460,37.0
296,14:05:26.062,35252,36580,36339,36472,36317,962,1012,1003,1001,995,2736,1541,1678,1675,1712,22,504,504,499,416,0,470,529,463,37.0
297,14:05:30.247,35501,36486,36330,36492,36320,962,1011,1004,1001,996,2740,1542,1676,1674,1713,1538,505,507,503,418,0,469,527,461,37.0
298,14:05:34.267,35382,36645,36347,36435,36456,962,1012,1002,1000,996,2737,1544,1675,1672,1711,22,503,506,504,420,0,470,531,462,37.0
299,14:05:38.805,35237,36534,36447,36565,36323,964,1012,1003,1003,996,2737,1540,1677,1671,1714,1538,503,505,503,418,0,468,532,464,37.0
300,14:05:42.955,35277,36667,36588,36442,36314,963,1015,1004,1002,999,2736,1545,1673,1671,1712,16,505,506,499,417,0,471,528,463,37.0
301,14:05:49.908,35234,36514,36525,36526,36449,962,1010,1003,1003,997,2739,1543,1676,1671,1714,1539,501,507,502,417,0,470,529,463,37.0
302,14:05:54.312,35321,36482,36541,36446,36394,962,1013,1005,1001,997,2738,1542,1676,1674,1714,32,505,507,501,420,0,467,530,464,37.0
303,14:05:58.723,35398,36553,36426,36207,36287,962,1012,1003,999,997,2740,1543,1676,1673,1711,1538,504,504,499,420,0,499,528,463,37.0
304,14:06:02.723,35546,36568,36534,36568,36336,962,1011,1003,1001,996,2739,1543,1676,1671,1713,30,504,507,500,418,0,470,531,465,37.0
305,14:06:06.923,35493,36496,36529,36450,36584,960,1012,1002,1000,994,2738,1539,1675,1674,1713,1537,504,508,500,420,0,466,532,462,37.0
306,14:06:11.284,35378,36456,36591,36378,36312,962,1013,1004,999,997,2740,1541,1676,1672,1713,20,504,506,501,419,0,471,527,462,37.0
307,14:06:15.465,35379,36574,36256,36497,36545,961,1011,1004,1003,995,2739,1542,1675,1673,1713,1538,504,508,501,419,0,469,530,465,37.0
308,14:06:19.544,35659,36603,36309,36312,36310,962,1011,1005,1001,999,2739,1541,1678,1672,1712,23,506,506,502,420,0,465,527,463,38.0
309,14:06:23.806,35627,36756,36279,36452,36570,961,1011,1006,999,996,2737,1541,1674,1674,1712,1540,505,505,500,418,0,469,526,462,38.0
310,14:06:27.985,35473,36683,36419,36397,36493,961,1010,1003,1001,998,2738,1541,1674,1672,1716,9,502,507,500,420,0,511,530,461,38.0
311,14:06:35.048,35316,36566,36591,36308,36384,960,1015,1005,1002,998,2740,1541,1675,1674,1716,1540,501,509,501,421,0,468,527,463,38.0
312,14:06:39.266,35298,36625,36492,36606,36421,962,1013,1003,999,996,2738,1544,1677,1673,1717,30,507,507,506,420,0,467,528,466,38.0
313,14:06:43.711,35308,36496,36369,36422,36310,962,1014,1001,1000,997,2736,1541,1676,1674,1715,1538,505,508,503,418,0,467,528,465,38.0
314,14:06:47.906,35505,36537,36476,36401,36346,962,1011,1006,1000,994,2737,1540,1676,1673,1715,42,505,504,502,420,0,466,528,464,38.0
315,14:06:52.024,35353,36499,36352,36484,36405,962,1013,1007,999,995,2737,1541,1674,1672,1717,1539,504,510,504,420,0,472,530,462,38.0
316,14:06:56.069,35469,36436,36485,36390,36413,961,1011,1008,1003,997,2740,1543,1675,1672,1715,12,501,509,499,419,0,468,529,466,38.0
317,14:07:00.319,35393,36683,36315,36419,36432,961,1013,1007,1003,994,2739,1543,1674,1672,1717,11,505,506,504,420,0,470,529,463,38.0
318,14:07:04.403,35634,36680,36321,36390,36420,960,1014,1009,1001,998,2739,1541,1674,1675,1717,31,505,508,502,419,0,468,529,463,38.0
319,14:07:08.483,35521,36569,36586,36525,36332,961,1013,1007,1002,996,2739,1544,1675,1673,1717,1540,509,504,501,418,0,469,526,462,38.0
N_07-23-2018,Time,A1,A2,A3,A4,A5,L_B1,L_B2,L_B3,L_B4,L_B5,L_C1,L_C2,L_C3,L_C4,L_C5,L_C6,M_B1,M_B2,M_B3,M_B5,M_C1,M_C2,M_C3,M_C4,B4 temp.
1,16:34:20.311,35000,37089,36590,35836,36006,960,1014,1006,998,996,2738,1542,1676,1670,1713,1538,504,505,498,420,0,469,528,462,40.0
2,16:34:24.349,35172,37232,36690,35790,35756,962,1013,1003,999,997,2739,1541,1673,1670,1715,1538,506,508,501,420,0,470,530,463,40.0
3,16:34:28.428,35070,36885,36832,35779,35792,962,1013,1002,999,998,2739,1543,1674,1674,1714,1539,505,506,502,419,0,470,531,464,40.0
4,16:34:32.510,35115,36991,36712,35740,35837,963,1014,1003,1000,998,2738,1543,1676,1671,1714,1538,508,506,498,418,0,470,526,462,40.0
5,16:34:36.748,35008,37273,36717,35685,36008,963,1013,1004,1002,997,2740,1543,1675,1672,1712,1536,505,506,501,418,0,467,527,461,40.0
6,16:34:40.850,35026,37207,36651,35776,35997,962,1013,1003,1000,998,2737,1541,1678,1674,1714,1538,501,506,500,417,0,466,528,463,40.0
7,16:34:44.927,35171,36955,36728,35807,35803,964,1013,1004,1002,997,2740,1542,1676,1674,1715,1540,505,507,503,417,0,471,530,461,40.0
8,16:34:49.228,35201,37224,36716,35710,35886,961,1013,1003,1001,996,2737,1542,1675,1675,1715,1537,501,508,501,418,0,467,526,465,40.0
9,16:34:53.410,35217,37154,36753,35875,35929,961,1014,1003,1002,997,2737,1540,1675,1672,1715,1538,503,508,500,420,0,472,525,463,40.0
10,16:34:57.707,35272,37044,36694,35671,35892,962,1013,1005,1000,997,2739,1543,1677,1671,1713,1539,504,508,502,418,0,470,527,461,40.0
11,16:35:04.449,35051,36965,36732,35693,35876,963,1012,1007,999,996,2737,1544,1676,1670,1712,1542,503,507,501,420,0,470,530,465,40.0
12,16:35:08.770,35318,36982,36654,35717,35691,962,1013,1005,1001,995,2737,1542,1677,1670,1714,1541,503,508,502,420,0,511,530,465,40.0
13,16:35:13.089,35341,36951,36749,35558,35737,963,1013,1003,1003,996,2739,1541,1674,1670,1714,1538,505,508,502,418,0,467,528,461,40.0
14,16:35:17.507,35250,37115,36735,35682,35911,962,1014,1005,1000,997,2736,1540,1675,1670,1715,1538,506,507,498,417,0,472,527,461,40.0
15,16:35:21.927,35231,36974,36785,35775,35892,962,1012,1003,1003,995,2736,1540,1673,1671,1716,1536,503,508,499,420,0,468,528,461,40.0
16,16:35:26.107,35191,36899,36724,35544,35775,960,1013,1005,1002,997,2737,1542,1676,1675,1715,1537,505,506,499,416,0,467,530,462,40.0
N_07-25-2018,Time,A1,A2,A3,A4,A5,L_B1,L_B2,L_B3,L_B4,L_B5,L_C1,L_C2,L_C3,L_C4,L_C5,L_C6,M_B1,M_B2,M_B3,M_B5,M_C1,M_C2,M_C3,M_C4,B4 temp.
1,09:54:19.343,35036,36238,36258,36069,35698,962,1012,1005,1002,999,2495,1542,1674,1675,1716,1538,502,507,502,420,571,468,530,460,25.0
2,09:54:23.737,34846,36533,36196,35746,35343,962,1012,1002,1001,999,2497,1543,1677,1675,1712,1540,505,509,503,422,569,467,528,461,25.0
3,09:54:28.206,35022,36603,36456,35852,35402,962,1012,1003,1003,999,2495,1543,1675,1677,1716,1539,502,508,502,422,569,467,529,461,25.0
4,09:54:33.465,34859,36870,36422,35859,35486,963,1012,1001,1001,997,2495,1543,1674,1676,1714,1539,504,507,502,418,568,470,530,459,25.0
5,09:54:40.857,34690,36928,36579,35838,35457,964,1012,1002,998,997,2495,1541,1673,1675,1716,1537,503,507,504,419,564,466,529,460,--
6,09:54:51.217,34690,36928,36579,35838,35457,964,1012,1002,998,997,2495,1541,1673,1675,1716,1537,503,507,504,419,564,466,529,460,--
N_07-25-2018,Time,A1,A2,A3,A4,A5,L_B1,L_B2,L_B3,L_B4,L_B5,L_C1,L_C2,L_C3,L_C4,L_C5,L_C6,M_B1,M_B2,M_B3,M_B5,M_C1,M_C2,M_C3,M_C4,B4 temp.
1,09:56:45.881,35000,36449,36374,35844,35615,962,1010,1005,1002,997,2495,1539,1675,1671,1712,1539,505,511,499,418,567,468,524,461,25.0
2,09:56:52.674,34611,36789,36400,35743,35587,961,1011,1003,1001,998,2496,1541,1675,1674,1716,1539,504,510,502,423,553,469,530,462,25.0
3,09:56:56.712,34809,36583,36359,35870,35614,962,1013,1005,1000,998,2494,1543,1675,1673,1712,1537,503,508,503,421,573,466,529,462,25.0
4,09:57:00.812,34584,36793,36527,35673,35446,962,1013,1005,1000,996,2495,1542,1675,1673,1715,1540,506,508,502,418,573,467,530,466,25.0
5,09:57:07.613,34456,36885,36417,35799,35442,961,1011,1003,1003,997,2494,1539,1675,1674,1715,1539,504,507,500,419,559,465,531,460,25.0
6,09:57:11.696,34371,36885,36362,35829,35500,962,1011,1004,1000,995,2494,1545,1674,1672,1715,1537,504,509,500,420,573,468,531,460,25.0
7,09:57:15.712,34580,36695,36483,35720,35203,961,1012,1001,1001,997,2493,1544,1672,1674,1712,1538,504,507,503,418,574,469,526,460,25.0
8,09:57:22.421,34588,36918,36492,35513,35634,962,1012,1003,1001,998,2495,1542,1674,1674,1713,1538,503,506,501,420,557,467,530,462,26.0
9,09:57:26.354,34500,36760,36610,35851,35484,963,1013,1005,1000,997,2495,1539,1674,1673,1715,1540,503,508,502,419,574,468,526,461,26.0
10,09:57:30.255,34554,37033,36423,35854,35539,963,1013,1005,1000,998,2496,1540,1674,1673,1715,1539,505,508,503,420,572,468,529,465,26.0
11,09:57:36.815,34747,36658,36607,35923,35665,961,1010,1005,1001,997,2494,1543,1675,1673,1715,1539,503,511,503,421,569,469,526,460,26.0
12,09:57:40.847,34711,36898,36489,35535,35275,962,1010,1003,1001,998,2494,1543,1674,1672,1714,1539,504,508,502,417,570,469,529,460,26.0
13,09:57:44.776,34504,36920,36343,35774,35248,962,1010,1005,1002,997,2495,1543,1673,1672,1713,1539,504,507,502,417,571,469,526,462,26.0
14,09:57:48.677,34715,36905,36592,35703,35363,961,1011,1004,1000,995,2494,1543,1676,1673,1714,1537,503,505,503,423,571,470,527,463,26.0
15,09:57:52.714,34627,36912,36535,35673,35453,962,1011,1003,1000,999,2494,1542,1673,1671,1714,1538,505,506,499,416,573,471,528,464,26.0
16,09:57:56.795,34682,36925,36556,35601,35451,963,1013,1003,1001,997,2495,1542,1673,1674,1714,1540,505,508,503,419,573,470,530,460,26.0
17,09:58:00.795,34531,36763,36444,35573,35428,962,1012,1002,1003,995,2493,1543,1674,1672,1716,1537,502,507,499,422,574,470,527,464,26.0
18,09:58:04.772,34734,36740,36637,35519,35583,963,1012,1004,1002,997,2496,1542,1672,1674,1715,1537,501,507,503,419,569,471,530,464,26.0
19,09:58:08.836,34759,36690,36398,35573,35461,963,1010,1002,1003,998,2494,1541,1673,1675,1716,1540,505,506,499,420,570,471,527,463,26.0
20,09:58:12.897,34871,36800,36344,35528,35562,963,1011,1005,999,996,2494,1540,1673,1673,1716,1536,505,508,500,416,573,472,529,461,26.0
