N_07-16-2018,Time,A1,A2,A3,A4,A5,L_B1,L_B2,L_B3,L_B4,L_B5,L_C1,L_C2,L_C3,L_C4,L_C5,L_C6,M_B1,M_B2,M_B3,M_B5,M_C1,M_C2,M_C3,M_C4,B4 temp.
1,12:08:14.522,35046,36819,36285,36131,35520,964,1012,1005,1005,998,1454,1542,1675,1675,1714,1539,505,506,501,418,488,466,527,460,30.0
2,12:08:18.563,34912,36690,36161,36323,35637,964,1012,1003,1001,998,1456,1544,1676,1675,1716,1540,504,506,502,421,488,471,526,462,30.0
3,12:08:22.602,34883,36746,36322,36227,35548,964,1011,1004,1002,997,1454,1542,1678,1675,1715,1536,505,509,501,418,489,470,529,462,30.0
4,12:08:26.623,35052,36806,36402,36340,35600,964,1011,1004,1000,996,1456,1542,1676,1674,1716,1538,504,505,501,420,487,472,526,464,30.0
5,12:08:30.762,35049,36907,36286,36176,35504,962,1014,1004,1000,998,1458,1541,1674,1674,1711,1538,504,506,499,420,485,471,528,462,31.0
6,12:08:34.824,34966,36924,36458,36134,35665,963,1011,1003,1000,996,1456,1543,1677,1674,1714,1540,505,509,499,419,487,467,530,461,31.0
7,12:08:38.845,34916,36835,36367,36235,35385,964,1012,1005,999,995,1454,1543,1678,1675,1713,1540,502,504,500,419,488,469,530,460,31.0
8,12:08:42.964,35120,36836,36276,36215,35545,961,1013,1003,1002,997,1453,1542,1676,1675,1715,1539,505,508,501,420,489,469,527,459,31.0
9,12:08:47.081,34987,36774,36374,36201,35562,963,1012,1004,1002,996,1456,1539,1675,1675,1714,1537,503,505,501,419,488,470,528,460,31.0
10,12:08:51.203,35033,36709,36249,36211,35431,964,1013,1004,999,995,1453,1543,1676,1674,1716,1538,504,507,501,420,488,468,531,463,31.0
11,12:08:57.966,35163,36906,36418,35900,35461,963,1013,1005,1001,997,1454,1542,1675,1673,1711,1539,503,507,501,419,489,470,528,463,31.0
12,12:09:02.065,35071,36742,36432,35923,35470,963,1013,1005,1001,996,1456,1542,1674,1672,1713,1537,504,506,502,420,490,471,528,463,31.0
13,12:09:06.204,34890,36769,36399,36030,35400,964,1013,1004,1002,998,1456,1543,1676,1675,1714,1539,505,507,501,421,486,470,528,463,31.0
14,12:09:10.325,34873,36751,36452,35967,35526,964,1013,1003,1003,996,1455,1542,1677,1675,1715,1540,502,506,502,420,489,470,525,462,31.0
15,12:09:14.465,35112,36819,36498,35982,35498,965,1011,1003,1001,997,1456,1543,1675,1677,1713,1536,506,507,500,421,488,468,528,460,31.0
16,12:09:18.605,35031,36726,36388,36272,35356,964,1011,1005,1001,998,1456,1541,1678,1675,1716,1538,501,506,500,421,486,472,530,461,31.0
17,12:09:22.704,35066,36551,36438,36047,35569,963,1012,1003,1002,994,1454,1542,1677,1674,1717,1540,505,506,499,420,488,471,526,460,31.0
18,12:09:26.804,34994,36860,36537,36056,35465,963,1011,1003,1001,996,1454,1542,1676,1674,1714,1539,504,507,503,419,490,469,528,460,31.0
19,12:09:30.945,34991,36585,36349,36081,35433,964,1012,1003,1001,995,1456,1541,1676,1674,1713,1543,505,505,499,420,488,469,527,464,31.0
20,12:09:35.045,35144,36896,36494,36109,35533,967,1011,1004,1002,998,1453,1542,1677,1674,1714,1539,505,507,499,419,483,466,529,461,32.0
21,12:09:41.844,35031,36983,36399,35802,35864,964,1013,1003,1001,997,1453,1543,1676,1676,1714,1538,505,507,500,418,487,467,526,464,32.0
22,12:09:45.965,35128,36763,36475,36005,35488,964,1015,1004,1001,996,1455,1541,1675,1677,1712,1538,504,508,500,420,490,471,529,463,32.0
23,12:09:50.124,35005,36697,36467,35929,35519,964,1010,1003,1003,997,1455,1541,1675,1673,1711,1539,502,508,503,419,487,472,529,461,32.0
24,12:09:54.244,35177,36688,36443,36165,35589,965,1013,1003,1000,996,1456,1541,1675,1672,1712,1542,504,507,501,420,488,467,528,460,32.0
25,12:09:58.345,35212,36743,36533,35890,35440,964,1013,1003,1000,997,1456,1542,1677,1674,1717,1541,501,506,500,422,488,469,529,462,32.0
26,12:10:02.504,35009,36843,36441,35866,35513,965,1011,1003,999,997,1454,1542,1678,1673,1717,1542,505,505,501,418,486,468,527,461,32.0
27,12:10:06.587,34842,36862,36424,35972,35727,965,1012,1003,1000,999,1456,1540,1677,1673,1713,1539,504,506,499,417,488,469,527,463,32.0
28,12:10:10.775,34877,36876,36442,35981,35784,963,1014,1004,1000,996,1453,1540,1675,1672,1713,1541,501,506,501,419,490,469,528,461,32.0
29,12:10:14.926,34860,36870,36380,35701,35633,962,1011,1004,1001,996,1455,1543,1676,1673,1716,1539,504,505,502,420,489,471,531,466,32.0
30,12:10:19.167,34972,36745,36488,35916,35614,965,1011,1003,1001,996,1455,1542,1679,1676,1714,1541,506,508,503,421,487,469,526,460,32.0
31,12:10:26.086,34810,37063,36496,35785,35683,964,1013,1005,1001,998,1453,1542,1679,1674,1714,1541,503,506,502,421,487,467,529,462,32.0
32,12:10:30.248,34902,36868,36429,35743,35864,964,1013,1004,1001,996,1456,1542,1676,1676,1711,1539,501,505,502,416,489,469,528,463,32.0
33,12:10:34.407,34978,36932,36529,35643,35952,964,1016,1003,1003,997,1457,1542,1674,1673,1711,1539,504,508,501,419,491,471,529,463,32.0
34,12:10:38.547,35030,37131,36406,35894,35771,964,1011,1003,1000,999,1454,1542,1676,1673,1715,1542,502,506,501,420,489,467,529,461,32.0
35,12:10:42.687,35091,37145,36570,35893,35781,964,1012,1003,1003,997,1455,1542,1674,1674,1714,1542,508,505,502,420,489,468,531,463,32.0
36,12:10:46.826,35095,37128,36550,35788,35792,964,1010,1003,1001,996,1452,1543,1675,1672,1715,1539,505,508,503,419,487,470,527,462,33.0
37,12:10:51.066,35201,37150,36483,35705,35797,963,1011,1002,1001,995,1458,1543,1674,1674,1714,1540,504,507,502,419,488,470,532,462,33.0
38,12:10:55.265,35274,37259,36593,35917,35648,965,1010,1002,1000,998,1457,1542,1674,1672,1716,1540,505,509,498,421,488,468,525,459,33.0
39,12:10:59.429,35196,37145,36488,35823,35809,964,1012,1003,1000,996,1452,1540,1675,1673,1711,1541,505,504,504,420,488,467,529,463,33.0
40,12:11:03.707,35125,37134,36486,35712,35742,964,1015,1003,1001,997,1455,1543,1673,1673,1714,1537,506,507,501,419,487,469,525,461,33.0
41,12:11:10.570,35196,37177,36445,35963,36022,962,1013,1004,1000,1001,1456,1540,1675,1673,1714,1536,504,506,502,420,490,467,528,460,33.0
42,12:11:14.789,35300,37346,36568,35598,35905,966,1011,1004,1000,999,1458,1542,1676,1673,1714,1536,503,508,499,419,489,473,528,462,33.0
43,12:11:18.949,35164,37301,36481,35774,35857,964,1013,1006,1000,998,1455,1543,1675,1675,1714,1541,504,506,501,419,487,469,529,460,33.0
44,12:11:23.308,35275,37097,36680,35687,35950,965,1012,1004,1002,995,1454,1543,1676,1674,1712,1540,503,509,502,420,486,472,530,463,33.0
45,12:11:27.469,35250,37195,36452,35904,35840,963,1011,1004,1000,995,1455,1541,1676,1674,1715,1538,503,506,501,420,487,470,529,461,33.0
46,12:11:31.689,35299,37271,36462,35824,35682,964,1011,1004,1001,997,1456,1543,1675,1674,1715,1537,503,507,502,419,487,471,526,464,33.0
47,12:11:35.927,35340,37145,36498,35793,35670,962,1012,1004,1003,997,1454,1540,1676,1674,1713,1539,502,508,499,417,490,467,529,460,33.0
48,12:11:40.167,35273,37247,36566,36060,35471,964,1012,1003,1003,996,1456,1542,1676,1675,1716,1538,502,506,499,420,488,469,530,463,33.0
49,12:11:44.858,34954,37555,36410,35424,36246,962,1011,1004,1002,998,1455,1540,1677,1674,1715,1535,508,509,503,420,487,470,532,460,33.0
50,12:11:48.969,35273,37247,36696,35747,35871,964,1012,1003,1001,996,1452,1539,1676,1673,1712,1540,502,505,502,421,489,470,528,462,33.0
51,12:11:55.670,35062,37344,36512,35962,35997,963,1014,1005,1001,997,1456,1539,1678,1676,1714,1538,505,505,500,420,485,470,530,464,33.0
52,12:11:59.807,35349,37236,36746,35796,35961,963,1012,1003,1001,996,1456,1542,1676,1674,1717,1540,504,505,500,419,489,471,530,461,33.0
53,12:12:03.989,35665,37257,36718,35669,35891,964,1010,1003,1001,996,1454,1541,1678,1673,1713,1541,505,504,502,420,486,470,529,464,33.0
54,12:12:08.449,35526,37334,36529,35761,35833,963,1013,1003,1001,996,1456,1541,1676,1671,1711,1538,501,507,499,419,489,470,531,460,33.0
55,12:12:12.628,35620,37229,36672,35850,36087,963,1011,1002,1003,998,1457,1540,1675,1676,1711,1539,504,506,501,419,488,470,526,461,33.0
56,12:12:16.811,35784,37310,36654,35719,35987,964,1011,1003,1002,995,1455,1542,1674,1673,1715,1540,503,507,502,420,489,468,529,460,33.0
57,12:12:21.128,35567,37134,36739,35717,35981,964,1012,1004,999,997,1458,1542,1676,1674,1713,1541,501,505,501,421,491,468,530,462,34.0
58,12:12:25.288,35645,37282,36802,35857,35961,964,1012,1004,1001,995,1456,1542,1678,1674,1713,1539,504,508,503,420,488,470,529,463,34.0
59,12:12:29.509,35773,37346,37053,35998,36070,963,1013,1002,1001,997,1453,1544,1677,1674,1715,1540,503,504,502,419,488,468,530,464,34.0
60,12:12:33.769,35703,37183,37041,36002,35926,966,1010,1005,1000,995,1457,1541,1678,1674,1715,1538,505,505,502,419,489,470,529,460,34.0
61,12:12:40.630,35586,37378,37038,35885,35867,966,1013,1005,1001,999,1454,1542,1679,1674,1712,1539,504,504,502,419,488,467,528,461,34.0
62,12:12:44.791,35707,37291,37177,35780,36211,964,1011,1007,1002,995,1452,1543,1678,1674,1714,1536,501,507,500,421,486,468,531,463,34.0
63,12:12:49.007,35546,37291,37111,36045,36071,963,1011,1005,1002,996,1454,1540,1677,1675,1716,1536,502,507,500,420,490,469,530,461,34.0
64,12:12:53.151,35566,37289,37250,35949,35969,964,1012,1005,1002,997,1454,1540,1676,1674,1716,1536,505,507,502,422,488,469,527,462,34.0
65,12:12:57.290,35649,37344,36928,35765,36064,963,1013,1003,1002,995,1455,1542,1676,1674,1716,1538,504,506,503,420,488,468,530,461,34.0
66,12:13:01.450,35813,37258,36952,36012,36077,962,1013,1004,1001,996,1452,1542,1676,1675,1717,1539,504,505,503,420,488,469,525,461,34.0
67,12:13:05.591,35535,37410,37107,35958,36049,964,1011,1002,1001,996,1456,1543,1677,1676,1712,1540,508,509,503,420,491,470,527,462,34.0
68,12:13:09.709,35715,37207,37010,36080,36012,964,1011,1005,1002,997,1456,1541,1677,1674,1713,1540,505,506,501,421,484,470,529,464,34.0
69,12:13:13.893,35644,37377,37209,35977,36306,964,1012,1005,1000,996,1457,1542,1677,1673,1712,1538,503,506,501,419,486,466,528,463,34.0
70,12:13:18.375,35545,37308,37133,35981,36184,964,1012,1003,1002,997,1455,1540,1676,1675,1713,1540,501,508,503,420,488,473,530,462,34.0
71,12:13:25.244,35639,37208,37115,35923,36145,965,1015,1004,1001,995,1455,1543,1676,1674,1714,1539,504,508,502,420,488,470,527,461,34.0
72,12:13:29.458,35545,37337,37068,36007,36195,962,1014,1003,1004,996,1457,1543,1677,1676,1713,1536,501,505,501,420,489,467,529,464,34.0
73,12:13:33.710,35482,37141,37187,36099,36245,962,1012,1004,1000,996,1454,1542,1677,1673,1714,1537,504,509,500,420,487,468,531,463,34.0
74,12:13:37.887,35714,37351,37091,36010,36109,961,1013,1003,1001,995,1458,1542,1679,1673,1714,1537,505,505,501,420,488,468,529,464,34.0
75,12:13:42.059,35427,37366,37085,36072,36390,963,1011,1002,1000,999,1456,1540,1676,1675,1713,1539,502,506,499,419,486,470,529,459,34.0
76,12:13:46.213,35498,37202,37041,35983,36233,964,1013,1004,1000,997,1454,1541,1675,1674,1712,1538,502,505,502,420,487,469,527,464,34.0
77,12:13:50.390,35538,37387,37033,35953,36385,963,1013,1002,1000,996,1454,1543,1677,1674,1714,1540,505,505,500,421,488,466,528,462,34.0
78,12:13:54.480,35598,37316,37039,35968,36322,964,1012,1004,1000,997,1455,1542,1675,1672,1714,1537,503,508,502,417,488,472,529,460,34.0
79,12:13:58.576,35553,37318,37018,35968,36210,961,1013,1003,1000,996,1454,1542,1676,1672,1714,1538,506,506,501,420,488,468,529,465,34.0
80,12:14:02.668,35560,37342,36919,36104,36126,964,1011,1004,1000,998,1454,1540,1674,1675,1717,1540,502,505,502,419,487,470,531,463,34.0
81,12:14:09.542,35411,37306,37108,36008,36040,963,1015,1005,999,996,1454,1540,1675,1676,1712,1537,505,508,501,420,487,469,528,463,35.0
82,12:14:13.830,35572,37494,37161,36405,36233,964,1012,1002,1002,1001,1454,1543,1678,1674,1713,1536,505,505,503,420,487,472,528,464,35.0
83,12:14:18.164,35527,37391,37089,36429,36287,964,1014,1004,1002,995,1455,1543,1676,1674,1716,1537,503,506,501,419,487,469,524,464,35.0
84,12:14:22.563,35659,37321,37024,36595,36443,963,1011,1002,1002,996,1456,1542,1677,1674,1713,1537,504,507,502,420,487,470,527,462,35.0
85,12:14:26.779,35596,37330,37001,36502,36354,965,1011,1004,1000,995,1456,1542,1678,1673,1716,1537,507,507,501,419,489,471,531,466,35.0
86,12:14:31.013,35468,37563,37176,36507,36374,965,1012,1003,1004,997,1456,1541,1676,1676,1714,1538,505,505,503,421,489,471,529,461,35.0
87,12:14:35.401,35568,37337,36976,36535,36310,962,1012,1003,1001,997,1456,1542,1676,1674,1717,1540,502,509,503,419,489,467,526,461,35.0
88,12:14:39.582,35296,37246,37006,36352,36189,963,1013,1006,1000,996,1455,1543,1676,1672,1717,1542,504,505,503,418,488,472,527,463,35.0
89,12:14:43.879,35389,37381,37016,36511,36167,963,1012,1006,999,997,1457,1542,1678,1673,1715,1536,503,508,502,419,485,471,526,462,35.0
90,12:14:48.133,35637,37504,36775,36329,36146,962,1011,1006,1002,995,1455,1541,1675,1672,1717,1542,505,507,502,418,489,469,529,465,35.0
91,12:14:55.065,35632,36549,36476,36424,36011,961,1014,1005,1001,999,1455,1544,1674,1672,1715,1539,506,506,502,420,489,471,529,461,35.0
N_07-25-2018,Time,A1,A2,A3,A4,A5,L_B1,L_B2,L_B3,L_B4,L_B5,L_C1,L_C2,L_C3,L_C4,L_C5,L_C6,M_B1,M_B2,M_B3,M_B5,M_C1,M_C2,M_C3,M_C4,B4 temp.
1,10:32:31.720,34811,36622,36531,35875,35514,962,1012,1004,1002,997,2496,1541,1676,1671,1714,1540,505,508,501,421,551,469,529,461,36.0
2,10:32:35.877,34602,36807,36391,35755,35686,962,1013,1003,1001,995,2495,1541,1675,1672,1715,1541,504,508,502,417,569,511,529,460,36.0
3,10:32:40.006,34762,36897,36610,35678,35673,961,1013,1004,1000,998,2494,1544,1674,1671,1715,1536,504,506,502,420,568,469,528,466,36.0
4,10:32:48.014,34877,36891,36427,35669,35699,961,1013,1003,1000,997,2494,1542,1676,1673,1714,1540,503,507,501,418,533,472,529,465,36.0
5,10:32:52.922,34690,36778,36738,35346,35698,963,1013,1004,998,998,2493,1544,1675,1672,1715,1539,505,507,498,420,568,496,526,463,36.0
6,10:33:01.207,34865,36952,36665,35478,35912,962,1013,1005,1001,997,2495,1542,1676,1672,1713,1538,504,506,501,419,554,470,529,460,36.0
7,10:33:08.481,34959,36963,36875,35461,35839,963,1013,1004,1000,997,2493,1543,1677,1672,1715,1537,505,505,500,419,560,468,528,462,36.0
8,10:33:12.955,35006,36604,37074,35687,35905,962,1011,1004,1001,996,2496,1541,1677,1673,1716,1540,503,507,501,421,566,466,528,461,36.0
9,10:33:19.840,34978,36907,37081,35579,36185,961,1010,1004,1003,996,2493,1541,1676,1673,1714,1536,507,511,502,421,510,469,525,463,36.0
10,10:33:26.753,34971,36793,36939,35579,35979,962,1010,1005,1000,998,2493,1541,1677,1674,1714,1538,505,505,503,421,548,465,527,461,36.0
11,10:33:33.700,34914,36846,36591,35851,35911,962,1011,1006,999,997,2493,1544,1675,1673,1714,1536,503,508,498,417,566,473,526,463,36.0
12,10:33:40.720,35126,37013,36307,35475,36011,960,1011,1007,999,997,2495,1543,1674,1671,1715,1543,503,506,503,420,555,467,530,462,36.0
13,10:33:48.130,34996,36927,36430,35504,35968,961,1010,1004,1001,997,2497,1542,1676,1671,1715,1539,506,509,503,418,516,470,528,464,36.0
14,10:33:55.884,34985,36799,36358,35585,36181,963,1011,1005,1001,998,2494,1539,1674,1673,1715,1536,505,507,501,418,554,471,530,464,36.0
15,10:34:00.140,34902,36705,36523,35556,36157,962,1012,1005,999,997,2495,1544,1674,1673,1713,1538,505,507,501,419,569,469,526,461,36.0
N_07-25-2018,Time,A1,A2,A3,A4,A5,L_B1,L_B2,L_B3,L_B4,L_B5,L_C1,L_C2,L_C3,L_C4,L_C5,L_C6,M_B1,M_B2,M_B3,M_B5,M_C1,M_C2,M_C3,M_C4,B4 temp.
1,11:35:03.624,34952,37131,36504,35998,36131,963,1010,1003,999,996,2494,1543,1676,1671,1717,1538,501,507,502,421,555,471,531,464,38.0
N_07-25-2018,Time,A1,A2,A3,A4,A5,L_B1,L_B2,L_B3,L_B4,L_B5,L_C1,L_C2,L_C3,L_C4,L_C5,L_C6,M_B1,M_B2,M_B3,M_B5,M_C1,M_C2,M_C3,M_C4,B4 temp.
1,11:43:03.934,34920,37242,36646,35963,36114,962,1010,1004,1002,999,2493,1541,1676,1671,1712,1537,501,508,502,417,515,472,525,462,39.0
N_07-25-2018,Time,A1,A2,A3,A4,A5,L_B1,L_B2,L_B3,L_B4,L_B5,L_C1,L_C2,L_C3,L_C4,L_C5,L_C6,M_B1,M_B2,M_B3,M_B5,M_C1,M_C2,M_C3,M_C4,B4 temp.
2,11:43:13.287,34805,37019,36578,35881,35963,963,1012,1004,999,1000,2494,1543,1673,1673,1713,1543,504,507,500,418,568,471,527,463,39.0
3,11:43:17.311,35063,37016,36619,35780,36321,963,1010,1003,1001,1000,2496,1543,1675,1673,1714,1538,503,505,502,420,564,469,529,462,39.0
4,11:43:21.152,35118,37344,36727,35716,36252,961,1011,1004,998,997,2497,1542,1675,1674,1714,1540,505,509,503,420,568,511,528,463,39.0
5,11:43:27.853,35454,37386,36570,35837,36378,962,1011,1005,1003,996,2492,1545,1676,1675,1713,1537,504,507,501,419,562,468,525,465,39.0
6,11:43:31.723,35311,37124,36569,35733,36574,963,1010,1004,1000,997,2494,1540,1674,1676,1714,1539,505,511,503,418,564,469,531,462,39.0
7,11:43:35.687,35320,37314,36565,35695,36612,962,1011,1003,999,998,2494,1541,1676,1675,1714,1540,504,506,502,417,565,469,528,464,39.0
8,11:43:39.673,35588,37122,36380,35851,36734,962,1011,1006,1000,998,2494,1542,1677,1678,1715,1536,506,507,500,420,565,465,532,463,39.0
N_07-25-2018,Time,A1,A2,A3,A4,A5,L_B1,L_B2,L_B3,L_B4,L_B5,L_C1,L_C2,L_C3,L_C4,L_C5,L_C6,M_B1,M_B2,M_B3,M_B5,M_C1,M_C2,M_C3,M_C4,B4 temp.
9,11:43:54.023,35463,37495,36664,36081,36579,963,1012,1005,1000,999,2495,1541,1676,1672,1715,1539,502,507,502,417,551,511,528,463,39.0
10,11:43:57.990,35357,37173,36603,35787,36746,961,1011,1008,1001,996,2496,1544,1676,1671,1714,1537,505,508,500,419,569,504,532,461,39.0
11,11:44:04.437,35410,37310,36574,35973,36294,962,1013,1006,999,998,2494,1543,1675,1670,1715,1540,505,508,501,421,567,471,530,460,39.0
N_07-25-2018,Time,A1,A2,A3,A4,A5,L_B1,L_B2,L_B3,L_B4,L_B5,L_C1,L_C2,L_C3,L_C4,L_C5,L_C6,M_B1,M_B2,M_B3,M_B5,M_C1,M_C2,M_C3,M_C4,B4 temp.
1,11:47:54.345,35516,37301,36528,35978,36401,962,1013,1004,1000,999,2495,1544,1676,1672,1715,1537,506,508,502,418,569,470,527,461,39.0
2,11:48:01.125,35747,37439,36773,35863,36562,963,1011,1004,1001,996,2495,1541,1675,1673,1713,1540,506,509,503,419,554,472,527,462,39.0
3,11:48:05.125,35494,37344,36632,35873,36520,966,1012,1006,1001,997,2494,1542,1673,1674,1716,1539,502,506,499,420,568,470,528,461,39.0
N_07-25-2018,Time,A1,A2,A3,A4,A5,L_B1,L_B2,L_B3,L_B4,L_B5,L_C1,L_C2,L_C3,L_C4,L_C5,L_C6,M_B1,M_B2,M_B3,M_B5,M_C1,M_C2,M_C3,M_C4,B4 temp.
1,13:32:24.003,35095,37085,36470,36003,36147,962,1011,1003,1003,996,2493,1544,1674,1672,1714,1538,503,506,501,419,566,513,529,460,40.0
N_07-25-2018,Time,A1,A2,A3,A4,A5,L_B1,L_B2,L_B3,L_B4,L_B5,L_C1,L_C2,L_C3,L_C4,L_C5,L_C6,M_B1,M_B2,M_B3,M_B5,M_C1,M_C2,M_C3,M_C4,B4 temp.
2,13:32:32.066,35019,36941,36665,36158,36185,963,1011,1004,999,998,2496,1542,1676,1674,1713,1538,504,505,502,417,568,512,524,461,40.0
3,13:32:36.231,35153,37120,36537,36031,36119,962,1011,1005,1001,997,2494,1540,1676,1673,1716,1537,505,507,501,420,566,470,532,464,40.0
4,13:32:40.282,35242,36946,36645,36081,36474,962,1011,1004,999,996,2494,1540,1675,1671,1712,1537,503,509,499,420,569,471,528,463,40.0
N_07-25-2018,Time,A1,A2,A3,A4,A5,L_B1,L_B2,L_B3,L_B4,L_B5,L_C1,L_C2,L_C3,L_C4,L_C5,L_C6,M_B1,M_B2,M_B3,M_B5,M_C1,M_C2,M_C3,M_C4,B4 temp.
5,13:32:54.131,35121,37115,36752,36230,36209,961,1011,1007,1000,999,2493,1543,1676,1673,1712,1536,502,507,503,421,559,470,525,464,40.0
6,13:32:58.163,35328,37240,36864,36254,36367,961,1012,1003,998,997,2497,1541,1674,1673,1713,1542,505,508,502,419,569,470,530,463,40.0
N_07-25-2018,Time,A1,A2,A3,A4,A5,L_B1,L_B2,L_B3,L_B4,L_B5,L_C1,L_C2,L_C3,L_C4,L_C5,L_C6,M_B1,M_B2,M_B3,M_B5,M_C1,M_C2,M_C3,M_C4,B4 temp.
7,13:33:12.409,35115,36941,36716,36565,36202,960,1011,1006,999,997,2499,1541,1676,1672,1713,1539,502,507,501,419,567,471,525,465,40.0
8,13:33:16.264,35404,37043,36649,36298,36291,962,1011,1004,1000,998,2493,1541,1676,1670,1716,1540,505,507,502,419,570,469,528,465,40.0
9,13:33:20.083,35460,37115,36704,36478,36234,962,1013,1003,1000,995,2493,1541,1675,1672,1712,1538,506,506,499,420,570,472,524,466,40.0
10,13:33:23.942,35438,37076,36544,36425,36536,962,1010,1002,999,996,2493,1542,1675,1672,1714,1540,505,509,503,419,570,472,528,462,40.0
11,13:33:33.192,35600,36750,36714,36633,36408,963,1011,1004,1003,999,2497,1541,1677,1673,1713,1540,504,505,501,416,553,511,527,465,40.0
12,13:33:37.366,35408,36841,36698,36253,36564,963,1014,1006,1001,998,2496,1539,1675,1673,1712,1537,503,507,502,419,569,467,528,464,40.0
13,13:33:41.209,35652,36952,36711,36299,36308,963,1013,1005,1001,997,2493,1543,1674,1672,1716,1537,505,505,503,418,568,468,529,460,40.0
14,13:33:45.065,35302,36910,36391,36215,36504,963,1011,1001,1000,997,2495,1540,1674,1673,1713,1538,501,506,505,418,567,469,528,462,40.0
15,13:33:49.063,35501,36967,36490,36298,36488,962,1012,1004,1003,996,2493,1541,1674,1671,1714,1541,504,507,502,419,567,471,529,461,40.0
16,13:33:53.065,35535,37043,36441,36466,36411,961,1011,1006,999,996,2495,1543,1673,1671,1714,1541,506,506,502,417,568,473,529,461,40.0
17,13:33:57.164,35497,36983,36590,36213,36517,961,1010,1003,999,997,2493,1543,1674,1672,1714,1536,505,507,500,419,568,500,527,461,40.0
N_07-25-2018,Time,A1,A2,A3,A4,A5,L_B1,L_B2,L_B3,L_B4,L_B5,L_C1,L_C2,L_C3,L_C4,L_C5,L_C6,M_B1,M_B2,M_B3,M_B5,M_C1,M_C2,M_C3,M_C4,B4 temp.
1,13:43:58.313,35401,36762,36529,36457,36380,961,1012,1005,1000,997,2494,1543,1675,1673,1714,1536,506,506,502,417,568,467,527,463,40.0
2,13:44:02.400,35592,36954,36699,36130,36433,962,1011,1003,1002,997,2493,1542,1674,1673,1716,1539,502,508,500,418,570,471,530,461,40.0
3,13:44:06.409,35610,36988,36703,36214,36452,963,1012,1003,1004,999,2496,1543,1672,1671,1715,1538,503,508,501,420,570,503,528,463,40.0
4,13:44:10.291,35541,36985,36565,36323,36308,962,1012,1004,1002,994,2492,1542,1676,1674,1716,1537,505,506,501,420,569,471,528,462,40.0
5,13:44:15.569,35622,37017,36668,36333,36500,962,1013,1002,1003,997,2493,1539,1675,1674,1716,1538,504,509,502,419,569,465,529,465,40.0
6,13:44:19.905,35487,36767,36554,36187,36320,961,1013,1004,1003,996,2495,1540,1672,1674,1714,1543,507,507,501,418,569,470,528,461,40.0
7,13:44:24.191,35242,36917,36629,36312,36449,963,1012,1004,1001,998,2496,1541,1674,1673,1713,1539,505,507,502,422,569,471,529,461,40.0
8,13:44:28.348,35411,37011,36670,36219,36497,961,1011,1002,1002,999,2492,1543,1677,1672,1715,1541,506,508,501,418,566,470,528,462,40.0
9,13:44:32.292,35381,36980,36738,36304,36408,963,1012,1002,1000,995,2493,1542,1678,1670,1713,1541,502,509,501,419,568,467,527,460,40.0
10,13:44:36.247,35490,36785,36584,36119,36534,962,1012,1004,1000,996,2495,1540,1675,1673,1715,1538,502,507,500,418,568,466,532,461,40.0
11,13:44:42.925,35331,37091,36722,36643,36381,961,1012,1007,998,998,2492,1545,1678,1673,1714,1538,504,508,501,418,570,513,524,463,40.0
12,13:44:47.209,35495,37188,36703,36467,36452,960,1010,1003,1002,999,2495,1540,1676,1673,1714,1541,505,506,503,417,571,513,528,462,40.0
13,13:44:51.429,35390,37121,36790,36157,36280,962,1012,1007,1000,998,2493,1541,1677,1673,1714,1540,503,507,501,419,569,498,528,460,40.0
14,13:44:55.622,35413,37194,36509,36520,36293,962,1011,1002,999,996,2493,1543,1674,1673,1716,1541,501,509,500,421,570,470,529,461,40.0
15,13:44:59.855,35589,37195,36614,36652,36423,962,1011,1004,1001,998,2494,1541,1676,1672,1714,1543,502,508,500,420,570,511,525,461,40.0
16,13:45:04.149,35472,37338,36592,36048,36150,964,1013,1006,1000,997,2496,1541,1675,1672,1717,1542,504,509,503,422,569,472,525,464,40.0
17,13:45:08.130,35481,37200,36658,36316,36357,962,1010,1003,1001,997,2496,1542,1674,1671,1716,1535,501,507,499,420,569,471,526,464,40.0
18,13:45:12.216,35551,37140,36757,36435,36312,963,1012,1005,1000,995,2496,1541,1675,1674,1716,1537,504,507,501,416,566,467,528,464,40.0
19,13:45:16.449,35476,37154,36905,36096,36293,962,1011,1004,1004,997,2494,1541,1677,1674,1712,1538,504,507,503,420,570,470,529,465,41.0
20,13:45:23.641,35525,37116,36938,36416,36444,962,1012,1003,1001,996,2493,1542,1676,1672,1714,1539,506,507,501,423,558,467,527,464,41.0
21,13:45:33.920,35350,37182,37225,36584,36203,961,1012,1006,999,998,2493,1541,1677,1674,1714,1541,505,507,500,417,514,472,530,462,40.0
22,13:45:41.985,35569,37002,36784,36419,36341,961,1012,1005,1001,1000,2492,1539,1677,1672,1711,1540,505,508,502,418,554,466,531,464,40.0
23,13:45:46.769,35451,37170,36781,36529,36406,961,1012,1005,1001,996,2496,1541,1676,1673,1713,1537,506,506,500,417,567,469,529,464,41.0
24,13:45:51.155,35534,37019,37075,36115,36260,962,1011,1003,999,995,2496,1542,1676,1672,1714,1541,505,508,500,419,567,470,527,463,41.0
25,13:45:55.470,35432,37226,37124,36472,36336,962,1012,1004,1001,997,2495,1545,1675,1671,1713,1539,502,508,500,420,567,471,528,461,41.0
26,13:45:59.708,35380,37191,36965,36489,36396,961,1011,1006,1002,996,2494,1543,1676,1672,1714,1540,506,508,500,418,567,467,527,461,41.0
27,13:46:03.964,35482,37229,36981,36463,36303,962,1013,1005,1001,997,2496,1539,1676,1672,1713,1538,505,508,501,418,568,470,529,461,41.0
28,13:46:07.869,35575,37021,36974,36117,36304,961,1012,1005,1001,999,2493,1539,1676,1674,1711,1539,504,508,500,418,568,468,532,461,41.0
29,13:46:12.371,35626,36918,37077,36393,36250,963,1013,1005,1000,997,2497,1542,1676,1673,1713,1541,507,508,503,419,568,502,529,463,41.0
30,13:46:16.874,35460,36978,36991,36472,36299,962,1013,1003,1002,995,2496,1542,1677,1675,1715,1542,504,507,500,419,567,468,525,461,41.0
31,13:46:26.691,35825,37105,36718,36499,36351,961,1012,1006,1002,997,2494,1540,1675,1672,1712,1539,503,507,503,417,509,499,526,463,41.0
32,13:46:33.593,35484,37025,36394,36612,36275,962,1011,1002,999,998,2494,1542,1676,1672,1714,1540,505,507,502,420,515,469,529,461,41.0
33,13:46:37.569,35588,37297,36531,36365,36274,961,1014,1003,1000,996,2496,1543,1676,1673,1715,1537,505,507,502,419,569,469,529,463,41.0
34,13:46:41.833,35435,37033,36529,36289,36440,960,1012,1003,1001,995,2496,1541,1675,1674,1716,1540,505,506,500,417,568,510,530,460,41.0
35,13:46:46.371,35402,37047,36497,36338,36254,960,1012,1003,998,995,2493,1543,1674,1674,1712,1536,503,507,501,422,570,470,527,464,41.0
36,13:46:51.114,35453,37156,36631,36347,36267,961,1010,1005,1000,996,2493,1539,1676,1671,1714,1538,504,507,500,422,567,470,528,462,41.0
37,13:46:55.544,35432,37107,36557,36310,36416,962,1013,1003,999,998,2494,1541,1675,1671,1714,1536,504,508,503,417,570,472,528,461,41.0
38,13:47:00.436,35467,37226,36686,36375,36341,961,1012,1004,1000,996,2493,1545,1673,1674,1716,1536,504,507,501,419,571,501,532,463,41.0
39,13:47:04.691,35477,37349,36718,36403,36149,962,1012,1005,998,998,2494,1540,1675,1672,1716,1538,504,506,501,419,568,468,528,460,41.0
40,13:47:11.590,35603,37119,36687,36213,36407,962,1011,1003,1000,998,2493,1541,1673,1675,1715,1538,504,508,500,417,556,466,526,460,41.0
41,13:47:18.336,35466,37050,36655,36629,36305,962,1010,1003,1000,998,2496,1545,1676,1672,1714,1539,504,505,499,418,569,465,526,462,41.0
42,13:47:25.363,35524,37302,36457,36401,36335,962,1012,1002,1002,998,2494,1542,1674,1672,1712,1540,504,508,499,418,560,467,525,461,41.0
43,13:47:29.410,35521,37263,36487,36332,36422,962,1012,1004,1000,997,2495,1544,1676,1673,1714,1542,502,508,500,420,569,470,529,463,41.0
44,13:47:33.509,35491,37426,36604,36117,36325,962,1012,1004,1000,996,2495,1541,1676,1673,1715,1537,506,507,502,421,569,469,531,465,41.0
45,13:47:37.750,35482,37225,36609,36298,36315,963,1012,1004,1001,994,2492,1544,1678,1672,1715,1539,505,507,501,420,571,511,531,461,41.0
46,13:47:42.760,35334,37343,36481,36142,36344,962,1012,1004,1003,996,2494,1542,1675,1670,1714,1537,505,508,502,417,568,466,526,464,41.0
47,13:47:47.586,35616,37373,36580,36287,36362,962,1012,1006,1000,995,2496,1544,1676,1672,1713,1540,504,506,502,419,570,470,529,463,41.0
48,13:47:52.471,35475,37282,36694,36358,36465,962,1012,1003,1002,996,2492,1541,1676,1672,1715,1540,504,509,500,422,567,510,526,463,41.0
49,13:47:56.813,35430,37447,36671,36385,36357,962,1012,1006,999,996,2496,1539,1675,1672,1714,1543,504,508,502,417,570,512,524,462,41.0
50,13:48:01.439,35439,37455,36568,36295,36564,961,1011,1002,999,997,2495,1541,1675,1672,1714,1540,506,508,501,416,567,465,529,462,41.0
51,13:48:11.328,35382,36942,36602,36648,36298,961,1014,1006,999,997,2494,1542,1676,1673,1712,1538,504,508,500,420,530,469,526,461,41.0
52,13:48:18.319,35340,37321,36590,36372,36452,962,1013,1004,1000,998,2496,1539,1677,1673,1713,1540,506,506,501,417,556,468,524,463,41.0
53,13:48:22.545,35502,37383,36450,36238,36350,962,1012,1005,999,999,2495,1543,1675,1674,1715,1537,503,509,501,419,567,512,527,462,41.0
54,13:48:26.849,35532,37213,36436,36494,36425,961,1012,1003,1000,997,2494,1540,1676,1674,1714,1539,507,507,501,418,567,468,527,461,41.0
55,13:48:30.729,35586,37254,36496,36291,36543,962,1013,1002,998,996,2494,1542,1676,1673,1715,1539,505,509,503,420,567,468,526,462,41.0
56,13:48:34.729,35596,37191,36569,36362,36264,962,1012,1005,999,997,2494,1542,1675,1673,1714,1538,506,506,501,418,567,511,529,463,41.0
57,13:48:38.771,35519,37163,36500,36251,36443,964,1010,1005,999,998,2493,1542,1677,1672,1715,1539,505,507,502,419,566,506,529,464,41.0
58,13:48:42.851,35564,37308,36532,36568,36327,962,1013,1003,998,995,2495,1544,1676,1673,1716,1538,503,506,502,419,566,510,532,462,41.0
59,13:48:47.110,35447,37113,36694,36290,36394,961,1010,1004,999,997,2493,1539,1676,1673,1713,1540,503,506,502,417,567,469,525,462,41.0
60,13:48:51.267,35236,37278,36684,36358,36483,962,1010,1003,1000,996,2494,1540,1674,1673,1713,1539,507,507,502,418,571,470,530,462,41.0
61,13:48:58.046,35315,37041,36629,36568,36351,962,1013,1004,1000,997,2494,1541,1676,1674,1715,1542,502,507,503,420,569,468,529,462,41.0
62,13:49:01.989,35511,36993,36540,36383,36395,963,1012,1003,1002,1000,2494,1545,1675,1674,1714,1540,504,507,503,416,567,465,529,460,41.0
63,13:49:06.167,35403,37223,36769,36256,36359,961,1014,1003,1001,999,2492,1541,1675,1674,1716,1537,503,506,500,419,568,470,527,460,41.0
64,13:49:10.286,35543,37394,36394,36502,36467,961,1014,1004,1002,996,2495,1542,1675,1673,1713,1540,504,507,501,418,567,510,529,463,41.0
65,13:49:14.297,35373,37453,36648,36388,36184,962,1013,1004,1000,995,2493,1538,1675,1673,1714,1538,505,506,501,418,571,468,525,466,41.0
66,13:49:21.090,35428,37302,36355,36446,36410,961,1013,1002,999,995,2497,1539,1674,1672,1713,1540,501,508,499,418,553,467,532,462,41.0
67,13:49:25.066,35566,37428,36352,36483,36232,962,1014,1006,1004,998,2494,1540,1676,1672,1715,1540,502,507,503,418,568,465,530,461,41.0
68,13:49:28.910,35532,37442,36426,36257,36299,961,1012,1005,999,997,2494,1539,1675,1675,1715,1538,508,508,499,419,567,466,531,466,41.0
69,13:49:32.989,35502,37418,36440,36349,36333,962,1012,1002,1000,996,2493,1541,1675,1671,1715,1537,503,508,502,418,569,468,530,461,41.0
70,13:49:37.067,35640,37306,36499,36150,36477,961,1012,1003,1001,996,2495,1542,1676,1672,1714,1539,504,508,502,420,569,471,529,463,41.0
71,13:49:44.348,35485,37010,36646,36440,36356,961,1013,1007,999,995,2493,1545,1674,1673,1714,1535,503,506,502,419,597,513,526,464,41.0
72,13:49:51.294,35350,37399,36508,36358,36382,962,1011,1005,999,997,2493,1545,1678,1671,1713,1536,506,506,501,417,514,470,530,463,41.0
73,13:49:55.347,35355,37293,36427,36568,36462,962,1012,1003,1001,998,2493,1543,1677,1670,1715,1539,501,507,501,420,568,469,527,461,41.0
74,13:49:59.228,35362,37213,36624,36220,36342,961,1012,1003,1001,996,2495,1543,1675,1672,1714,1539,502,507,500,420,568,471,529,464,41.0
75,13:50:06.318,35383,36997,36420,36280,36389,962,1012,1002,999,997,2494,1545,1676,1673,1714,1538,507,508,502,420,553,510,530,461,41.0
76,13:50:13.057,35451,37351,36404,36309,36367,962,1012,1006,1000,996,2494,1540,1675,1671,1715,1539,503,508,499,420,528,469,527,464,41.0
77,13:50:17.090,35376,37606,36552,36398,36408,963,1012,1002,999,997,2495,1542,1675,1671,1715,1481,503,506,502,418,570,465,526,463,41.0
78,13:50:23.829,35443,37411,36523,36447,36242,962,1012,1003,999,996,2493,1542,1676,1676,1716,1542,505,506,503,421,553,493,528,460,41.0
79,13:50:27.769,35406,37483,36509,36342,36504,962,1014,1004,1002,996,2493,1543,1677,1675,1713,1540,504,507,502,420,567,466,527,462,41.0
N_07-25-2018,Time,A1,A2,A3,A4,A5,L_B1,L_B2,L_B3,L_B4,L_B5,L_C1,L_C2,L_C3,L_C4,L_C5,L_C6,M_B1,M_B2,M_B3,M_B5,M_C1,M_C2,M_C3,M_C4,B4 temp.
1,14:00:24.216,35477,37345,36602,36242,36194,962,1014,1007,1000,998,2494,1542,1677,1675,1714,1536,504,506,502,420,568,470,530,460,41.0
2,14:00:30.965,35504,37242,36457,36288,36411,963,1016,1008,1000,997,2494,1540,1676,1672,1716,1535,505,508,500,420,555,512,530,462,41.0
N_07-25-2018,Time,A1,A2,A3,A4,A5,L_B1,L_B2,L_B3,L_B4,L_B5,L_C1,L_C2,L_C3,L_C4,L_C5,L_C6,M_B1,M_B2,M_B3,M_B5,M_C1,M_C2,M_C3,M_C4,B4 temp.
2,14:02:11.190,35298,37229,36660,36614,36178,962,1015,1005,1000,999,2492,1541,1678,1671,1714,1538,504,504,501,419,570,470,525,464,41.0
3,14:02:15.229,35411,37263,36553,36186,36356,961,1012,1004,1000,997,2496,1542,1677,1673,1716,1540,502,506,501,417,570,469,527,462,41.0
4,14:02:19.244,35426,37406,36536,36398,36443,963,1014,1005,1001,996,2495,1541,1676,1674,1713,1540,504,506,499,420,567,470,529,466,41.0
5,14:02:23.082,35497,37355,36586,36296,36305,961,1015,1003,1000,998,2496,1542,1675,1672,1716,1537,508,509,501,417,566,469,529,463,41.0
6,14:02:27.022,35365,37250,36731,36377,36125,961,1014,1002,998,996,2495,1540,1675,1676,1714,1538,506,506,501,418,569,483,530,461,41.0
N_07-25-2018,Time,A1,A2,A3,A4,A5,L_B1,L_B2,L_B3,L_B4,L_B5,L_C1,L_C2,L_C3,L_C4,L_C5,L_C6,M_B1,M_B2,M_B3,M_B5,M_C1,M_C2,M_C3,M_C4,B4 temp.
13,14:03:02.816,35476,37346,36653,36646,36311,962,1013,1007,1003,998,2495,1541,1676,1673,1713,1539,502,506,498,420,568,465,527,464,41.0
14,14:03:07.420,35398,37385,36511,36252,36314,963,1012,1008,1002,998,2496,1539,1674,1671,1715,1540,506,509,501,420,570,467,530,460,41.0
15,14:03:11.685,35408,37278,36565,36525,36432,962,1013,1007,1001,996,2493,1541,1676,1674,1715,1539,503,508,501,420,570,513,528,463,41.0
16,14:03:18.602,35419,37209,36669,36321,36259,962,1012,1008,1001,997,2498,1541,1676,1671,1714,1539,503,505,499,420,561,470,531,464,41.0
17,14:03:22.682,35328,37533,36610,36521,36332,962,1012,1004,1001,995,2494,1544,1673,1673,1714,1541,503,508,502,417,569,467,527,462,41.0
18,14:03:27.183,35397,37448,36685,36331,36492,963,1013,1003,1002,998,2497,1542,1678,1673,1715,1538,503,509,498,424,568,467,525,461,41.0
19,14:03:31.161,35479,37398,36711,36405,36443,961,1011,1006,1001,996,2496,1542,1675,1671,1715,1538,505,511,503,421,568,510,528,463,41.0
20,14:03:37.702,35477,37438,36736,36307,36370,963,1015,1004,1000,998,2492,1541,1674,1673,1717,1537,503,505,503,420,555,470,528,462,41.0
N_07-25-2018,Time,A1,A2,A3,A4,A5,L_B1,L_B2,L_B3,L_B4,L_B5,L_C1,L_C2,L_C3,L_C4,L_C5,L_C6,M_B1,M_B2,M_B3,M_B5,M_C1,M_C2,M_C3,M_C4,B4 temp.
1,14:39:25.869,34721,37266,36512,36484,36368,961,1011,1006,1002,999,2495,1543,1677,1676,1713,1541,502,507,500,419,530,468,531,461,39.0
2,14:39:29.932,34918,37460,36311,36394,36008,963,1013,1004,1001,998,2496,1540,1676,1676,1715,1539,501,506,499,418,571,472,526,464,39.0
3,14:39:34.189,34960,37186,36335,36377,36096,963,1015,1004,1000,996,2493,1540,1677,1677,1715,1538,503,507,499,419,570,471,529,462,39.0
4,14:39:38.189,34983,37349,36510,36271,36348,962,1014,1003,1000,997,2497,1543,1674,1675,1714,1540,505,508,503,417,566,470,526,460,39.0
5,14:39:42.107,35141,37195,36391,36531,36229,961,1012,1005,999,996,2493,1541,1676,1674,1714,1539,502,507,503,420,569,469,530,463,39.0
6,14:39:48.981,35020,37353,36270,36335,36235,961,1013,1004,1000,996,2494,1541,1674,1672,1713,1538,503,508,501,419,590,469,527,464,39.0
7,14:39:55.848,35145,37473,36293,36323,36235,962,1014,1004,1000,997,2495,1542,1677,1673,1714,1538,505,505,503,419,587,466,525,463,39.0
N_07-25-2018,Time,A1,A2,A3,A4,A5,L_B1,L_B2,L_B3,L_B4,L_B5,L_C1,L_C2,L_C3,L_C4,L_C5,L_C6,M_B1,M_B2,M_B3,M_B5,M_C1,M_C2,M_C3,M_C4,B4 temp.
4,14:40:36.192,34986,37316,36565,36711,36191,962,1013,1003,999,996,2497,1542,1676,1672,1717,1539,505,506,499,418,572,468,527,463,39.0
5,14:40:40.308,35130,37128,36476,36400,36337,961,1013,1003,1002,998,2494,1542,1675,1671,1714,1542,505,506,498,416,571,466,527,463,39.0
6,14:40:47.127,35034,37233,36747,36463,36217,964,1014,1004,1002,998,2493,1541,1674,1671,1715,1539,503,507,503,419,551,469,528,464,39.0
7,14:40:51.308,35081,37358,36574,36353,36342,962,1011,1004,1001,998,2496,1542,1676,1674,1712,901,506,506,498,418,568,468,531,465,39.0
8,14:40:55.428,34990,37082,36566,36509,36384,963,1012,1002,1002,997,2495,1543,1675,1673,1713,1539,506,507,501,420,567,500,525,462,39.0
9,14:40:59.428,35171,37178,36568,36369,36421,962,1014,1005,1002,995,2495,1542,1676,1672,1714,1540,504,508,498,421,568,468,526,462,39.0
10,14:41:03.405,35074,37388,36641,36410,36475,964,1012,1004,1001,998,2493,1539,1675,1674,1716,1539,503,509,503,420,569,471,527,460,39.0
11,14:41:09.927,34916,37263,36659,36547,36373,962,1013,1006,1002,998,2494,1541,1676,1671,1715,1538,506,507,500,417,570,467,528,466,39.0
12,14:41:16.689,34933,37159,36511,36504,36201,960,1014,1003,1000,996,2493,1543,1675,1671,1713,1541,501,508,501,420,554,512,525,461,39.0
13,14:41:20.765,34976,37292,36302,36519,36399,961,1014,1003,1003,994,2493,1541,1677,1672,1715,1540,504,505,502,420,570,515,527,463,39.0
14,14:41:25.184,34972,37441,36530,36441,36320,961,1010,1003,1001,996,2493,1539,1678,1672,1715,1539,503,507,503,418,568,469,529,462,39.0
15,14:41:31.868,35109,37443,36367,36445,36328,962,1010,1004,1000,996,2494,1543,1676,1672,1716,1540,506,507,503,416,556,469,525,460,39.0
16,14:41:35.766,35310,37033,36484,36359,36369,962,1014,1002,999,995,2493,1542,1676,1672,1715,1539,503,507,502,420,571,471,526,462,39.0
17,14:41:39.945,35345,37247,36407,36364,36318,961,1012,1006,1001,996,2498,1539,1675,1674,1715,1537,505,506,500,422,571,467,527,463,39.0
18,14:41:45.362,35375,37230,36418,36426,36475,962,1012,1002,998,996,2494,1540,1677,1671,1715,1539,505,506,502,420,571,465,527,462,39.0
19,14:41:52.730,35362,37398,36548,36367,36418,961,1012,1005,1002,995,2494,1544,1678,1671,1716,1539,505,506,503,421,512,466,531,465,39.0
20,14:41:56.930,35353,37430,36529,36499,36442,962,1011,1005,1000,997,2494,1541,1676,1672,1716,1538,505,508,502,420,568,469,528,464,39.0
21,14:42:03.706,35456,37135,36707,36577,36341,962,1012,1004,999,997,2495,1543,1676,1674,1714,1541,506,507,498,416,571,467,527,463,39.0
22,14:42:09.033,35426,36917,36548,36346,36481,960,1013,1002,1000,996,2493,1541,1676,1675,1715,1539,502,507,502,418,571,465,529,465,39.0
23,14:42:13.952,35463,37282,36578,36397,36470,962,1013,1004,1001,997,2494,1542,1675,1675,1714,1536,504,508,498,418,570,513,529,466,39.0
24,14:42:18.188,35282,37544,36335,36493,36419,963,1012,1003,1002,996,2493,1540,1675,1673,1714,1540,505,506,502,421,569,469,524,460,39.0
N_07-25-2018,Time,A1,A2,A3,A4,A5,L_B1,L_B2,L_B3,L_B4,L_B5,L_C1,L_C2,L_C3,L_C4,L_C5,L_C6,M_B1,M_B2,M_B3,M_B5,M_C1,M_C2,M_C3,M_C4,B4 temp.
25,14:42:41.288,35464,37177,36759,36572,36249,962,1014,1006,999,998,2494,1540,1675,1674,1713,1537,504,509,501,420,569,468,526,465,39.0
26,14:42:48.113,35313,37309,36436,36466,36335,961,1012,1005,1002,999,2497,1543,1675,1673,1714,1536,505,507,502,420,511,469,529,463,39.0
27,14:42:52.308,35294,37344,36416,36483,36480,962,1011,1003,999,998,2493,1543,1676,1673,1715,1540,504,507,502,419,570,473,529,463,39.0
28,14:42:56.308,35307,37182,36687,36425,36248,961,1012,1003,1002,999,2494,1540,1675,1674,1713,1542,503,505,502,422,571,467,528,463,39.0
29,14:43:00.629,35468,37049,36571,36302,36299,961,1013,1005,1000,999,2495,1542,1675,1671,1715,1535,506,506,502,419,569,514,527,463,39.0
30,14:43:04.806,35384,37295,36535,36437,36432,963,1012,1003,1001,998,2494,1544,1675,1672,1713,1539,502,505,503,417,570,513,529,461,39.0
31,14:43:11.330,35602,37196,36602,36656,36283,962,1012,1004,1003,997,2493,1541,1676,1674,1715,1537,505,508,500,417,571,466,529,464,39.0
32,14:43:15.477,35372,37225,36539,36352,36353,962,1012,1007,1003,997,2492,1542,1675,1673,1714,1539,504,506,503,420,567,472,528,465,40.0
33,14:43:19.588,35291,37169,36531,36537,36206,961,1013,1005,1002,998,2493,1543,1676,1672,1714,101,503,507,502,421,570,472,527,464,39.0
34,14:43:23.686,35389,37232,36585,36605,36318,962,1015,1005,1002,998,2494,1543,1676,1673,1715,1538,505,508,500,420,570,469,530,461,40.0
35,14:43:27.848,35441,37447,36527,36535,36319,962,1011,1007,1003,998,2496,1542,1675,1671,1714,78,502,506,498,419,570,511,526,462,40.0
36,14:43:31.747,35423,37363,36622,36500,36172,962,1012,1002,1001,997,2495,1543,1676,1672,1716,1539,505,509,502,418,568,470,527,465,40.0
37,14:43:35.809,35358,37248,36738,36322,36361,961,1010,1005,1000,997,2492,1539,1676,1673,1713,1539,505,507,499,421,569,469,529,466,40.0
38,14:43:39.853,35154,37166,36756,36344,36317,963,1013,1005,1001,1000,2492,1541,1675,1673,1715,1538,505,507,500,420,570,466,528,466,40.0
39,14:43:43.928,35375,37251,37041,36286,36270,962,1013,1005,1001,996,2493,1542,1674,1673,1715,1536,504,509,500,418,569,514,529,462,40.0
40,14:43:48.213,35305,37228,36897,36450,36314,961,1012,1003,1000,996,2493,1541,1677,1673,1715,1539,504,508,499,419,568,469,524,463,40.0
41,14:43:57.599,35613,37256,36549,36660,36183,963,1012,1003,1003,997,2496,1542,1677,1672,1715,1537,503,508,502,419,532,467,525,464,40.0
42,14:44:01.948,35269,37219,36567,36243,36426,964,1013,1004,1000,996,2494,1542,1675,1671,1715,1542,502,507,500,420,571,468,525,464,40.0
N_07-25-2018,Time,A1,A2,A3,A4,A5,L_B1,L_B2,L_B3,L_B4,L_B5,L_C1,L_C2,L_C3,L_C4,L_C5,L_C6,M_B1,M_B2,M_B3,M_B5,M_C1,M_C2,M_C3,M_C4,B4 temp.
1,14:50:23.887,35451,37192,36601,36463,36153,962,1011,1006,1001,997,2495,1540,1677,1673,1714,1537,503,507,499,420,591,468,527,460,40.0
2,14:50:28.035,35313,37328,36535,36422,36397,963,1010,1003,998,997,2492,1539,1674,1670,1714,1536,504,506,503,420,569,471,529,463,40.0
3,14:50:32.185,35461,37402,36616,36322,36286,964,1012,1004,1002,998,2496,1544,1675,1672,1716,1536,505,507,502,421,570,469,526,463,40.0
4,14:50:36.245,35513,36983,36443,36403,36304,963,1014,1004,999,995,2492,1543,1675,1675,1714,1539,508,506,503,418,567,469,529,463,40.0
5,14:50:40.368,35346,37334,36432,36289,36402,962,1012,1003,1001,996,2494,1543,1676,1671,1714,1613,505,507,502,418,568,469,527,465,40.0
6,14:50:44.827,35367,37253,36567,36477,36259,963,1013,1002,998,997,2496,1540,1673,1673,1715,1538,504,507,501,418,569,471,528,462,40.0
7,14:50:49.295,35325,37284,36417,36374,36207,963,1012,1004,999,997,2495,1542,1676,1672,1716,1537,505,509,503,418,568,470,527,463,40.0
8,14:50:53.126,35295,37159,36550,36478,36402,961,1012,1008,1000,996,2495,1543,1674,1674,1715,1539,506,506,499,420,566,469,529,464,40.0
9,14:50:57.204,35250,37404,36402,36194,36456,961,1012,1002,998,997,2493,1542,1677,1676,1716,1541,503,508,502,419,568,468,530,463,41.0
10,14:51:01.485,35356,37382,36462,36392,36435,960,1012,1005,1001,996,2495,1544,1676,1675,1716,1540,505,508,501,419,568,467,527,463,41.0
11,14:51:08.267,35594,37304,36707,36501,36233,964,1012,1005,1000,997,2494,1541,1676,1673,1715,1539,501,508,500,417,570,465,526,461,41.0
12,14:51:12.310,35270,37224,36643,36264,36384,962,1013,1004,1000,997,2494,1541,1676,1672,1714,1540,503,505,502,419,568,469,525,463,41.0
13,14:51:16.568,35246,37085,36361,36399,36341,962,1013,1003,999,997,2494,1543,1672,1673,1713,1539,502,507,500,417,568,469,531,462,41.0
14,14:51:20.851,35252,37293,36750,36403,36298,962,1011,1003,1003,998,2493,1544,1676,1672,1714,1540,504,506,501,420,570,468,532,463,41.0
N_07-25-2018,Time,A1,A2,A3,A4,A5,L_B1,L_B2,L_B3,L_B4,L_B5,L_C1,L_C2,L_C3,L_C4,L_C5,L_C6,M_B1,M_B2,M_B3,M_B5,M_C1,M_C2,M_C3,M_C4,B4 temp.
1,14:53:28.370,35569,37405,36652,36578,36412,962,1011,1005,1001,998,2496,1544,1677,1671,1713,1540,503,507,502,418,562,469,529,462,41.0
2,14:53:32.377,35322,37208,36681,36321,36346,962,1011,1003,999,997,2493,1545,1680,1672,1714,1541,501,508,501,419,568,472,530,465,41.0
3,14:53:39.169,35200,37304,36375,36429,36372,962,1012,1003,1000,997,2494,1543,1673,1672,1714,1536,505,508,502,420,528,473,529,466,41.0
4,14:53:43.166,35283,37209,36396,36435,36440,963,1010,1003,1002,997,2493,1543,1675,1672,1715,1541,509,507,502,421,570,472,530,466,41.0
5,14:53:47.184,35288,37219,36554,36311,36418,962,1012,1004,999,995,2493,1541,1674,1673,1714,1521,504,509,502,420,566,466,531,465,41.0
6,14:53:51.244,35391,37181,36611,36311,36271,961,1013,1005,999,996,2493,1539,1675,1670,1716,1502,504,504,501,419,569,471,528,461,41.0
7,14:53:57.904,35281,37352,36583,36463,36361,962,1013,1003,1000,994,2494,1541,1676,1674,1714,1537,504,506,503,420,558,469,532,464,41.0
8,14:54:01.908,35387,37190,36659,36384,36132,963,1013,1003,1002,998,2495,1542,1675,1673,1716,1539,505,508,500,419,568,469,530,465,41.0
9,14:54:05.845,35286,37374,36511,36500,36259,962,1010,1003,1000,997,2495,1541,1676,1675,1715,1539,505,506,500,418,571,511,531,463,41.0
10,14:54:09.966,35260,37427,36429,36208,36456,963,1010,1005,1002,996,2493,1540,1676,1672,1714,79,501,509,502,419,570,465,527,460,41.0
N_07-25-2018,Time,A1,A2,A3,A4,A5,L_B1,L_B2,L_B3,L_B4,L_B5,L_C1,L_C2,L_C3,L_C4,L_C5,L_C6,M_B1,M_B2,M_B3,M_B5,M_C1,M_C2,M_C3,M_C4,B4 temp.
1,14:56:40.624,35563,37169,36644,36321,36157,962,1013,1005,1001,996,2496,1543,1674,1673,1715,1538,505,508,500,421,560,469,528,462,41.0
2,14:56:47.324,35214,37363,36414,36418,36355,963,1014,1004,1000,999,2497,1539,1675,1673,1715,1540,503,507,502,419,553,469,527,462,41.0
3,14:56:51.206,35266,37422,36572,36206,36283,961,1012,1003,998,997,2493,1538,1674,1675,1714,1537,504,507,499,420,567,499,527,464,41.0
4,14:56:55.184,35465,37247,36422,36531,36440,963,1012,1004,999,995,2493,1544,1676,1671,1717,1537,504,508,499,420,567,507,528,464,41.0
5,14:56:59.017,35415,37178,36504,36384,36399,961,1011,1002,999,998,2494,1542,1674,1674,1712,1538,503,508,502,420,568,467,524,463,41.0
6,14:57:02.942,35166,37042,36659,36308,36333,960,1012,1003,1003,998,2493,1540,1676,1676,1716,1540,504,508,500,416,567,467,527,462,41.0
7,14:57:06.922,35321,37190,36526,36607,36346,962,1013,1004,999,995,2493,1542,1676,1676,1714,1537,504,506,500,421,565,435,525,461,41.0
8,14:57:10.863,35211,37547,36683,36335,36217,962,1012,1003,999,998,2495,1540,1674,1674,1713,1536,505,505,500,421,565,466,527,462,41.0
9,14:57:17.570,35538,37237,36750,36328,36200,962,1012,1005,1000,997,2494,1540,1676,1672,1715,1540,504,507,500,420,511,468,526,461,41.0
10,14:57:21.605,35350,37401,36632,36534,36384,960,1014,1002,1001,996,2493,1542,1676,1674,1715,1540,503,507,502,419,569,465,525,465,41.0
11,14:57:28.042,35582,37355,36873,36498,36388,963,1014,1006,999,1000,2496,1544,1676,1673,1715,1539,505,507,500,418,570,472,531,465,41.0
12,14:57:31.986,35270,37276,36942,36481,36474,962,1013,1002,1001,997,2495,1541,1676,1673,1715,1539,505,507,502,421,569,467,527,464,41.0
13,14:57:36.148,35187,37293,36899,36549,36270,960,1013,1003,999,997,2492,1541,1676,1675,1715,1540,502,507,503,418,570,512,530,464,41.0
N_07-25-2018,Time,A1,A2,A3,A4,A5,L_B1,L_B2,L_B3,L_B4,L_B5,L_C1,L_C2,L_C3,L_C4,L_C5,L_C6,M_B1,M_B2,M_B3,M_B5,M_C1,M_C2,M_C3,M_C4,B4 temp.
N_07-25-2018,Time,A1,A2,A3,A4,A5,L_B1,L_B2,L_B3,L_B4,L_B5,L_C1,L_C2,L_C3,L_C4,L_C5,L_C6,M_B1,M_B2,M_B3,M_B5,M_C1,M_C2,M_C3,M_C4,B4 temp.
4,14:58:02.766,35309,37206,36493,36528,36327,961,1011,1003,1000,995,2493,1541,1674,1672,1713,1540,504,508,500,420,569,468,532,464,41.0
5,14:58:06.976,35343,37374,36504,36368,36322,963,1011,1004,1002,998,2496,1543,1674,1673,1716,1537,504,508,498,417,570,506,526,463,41.0
6,14:58:10.962,35328,37139,36458,36486,36520,961,1013,1003,1003,997,2497,1541,1676,1672,1713,1540,504,508,501,420,571,471,528,461,41.0
7,14:58:14.982,35324,37167,36383,36414,36402,961,1013,1002,1000,996,2496,1540,1676,1673,1714,1539,503,509,501,418,567,504,529,463,41.0
8,14:58:21.624,35330,37078,36627,36450,36462,962,1012,1006,1001,997,2493,1544,1676,1673,1715,1538,503,505,502,420,522,470,527,461,41.0
N_07-25-2018,Time,A1,A2,A3,A4,A5,L_B1,L_B2,L_B3,L_B4,L_B5,L_C1,L_C2,L_C3,L_C4,L_C5,L_C6,M_B1,M_B2,M_B3,M_B5,M_C1,M_C2,M_C3,M_C4,B4 temp.
1,14:58:37.012,35427,37310,36554,36632,36415,965,1014,1004,1002,997,2494,1543,1676,1672,1713,1539,502,508,502,417,570,470,529,467,41.0
2,14:58:40.922,35295,37126,36709,36517,36447,961,1012,1002,1002,995,2496,1541,1676,1674,1714,1538,504,509,501,421,571,469,529,460,41.0
3,14:58:44.923,35280,37218,36517,36590,36459,962,1016,1002,1003,995,2495,1543,1672,1670,1711,1538,506,506,500,418,571,469,525,463,41.0
4,14:58:48.862,35404,37271,36444,36371,36426,961,1015,1003,1001,997,2496,1542,1676,1674,1714,1539,504,508,502,420,567,473,530,463,41.0
5,14:58:55.639,35292,37175,36617,36341,36364,961,1015,1004,1001,994,2495,1541,1674,1673,1714,1539,508,505,501,421,553,469,528,463,41.0
6,14:59:02.327,35213,37240,36603,36510,36524,962,1016,1005,1001,995,2496,1542,1675,1673,1716,1540,503,507,503,418,553,469,531,465,41.0
7,14:59:06.245,35257,37218,36490,36432,36393,961,1016,1004,1000,995,2495,1540,1675,1670,1715,0,506,510,500,417,566,448,530,462,41.0
8,14:59:10.103,35247,37233,36653,36224,36302,962,1016,1003,1000,998,2495,1541,1676,1673,1714,1538,502,508,500,419,568,467,526,462,41.0
9,14:59:16.743,35344,37367,36597,36564,36437,963,1014,1002,1000,997,2495,1541,1677,1674,1712,1540,505,507,500,420,561,470,527,466,41.0
10,14:59:20.623,35405,37137,36602,36360,36329,962,1015,1005,999,994,2497,1540,1677,1670,1715,1539,505,506,502,420,568,471,527,462,41.0
11,14:59:29.847,35560,37232,36820,36427,36285,962,1014,1006,999,996,2492,1543,1676,1674,1716,1540,504,505,500,418,556,469,527,465,41.0
N_07-25-2018,Time,A1,A2,A3,A4,A5,L_B1,L_B2,L_B3,L_B4,L_B5,L_C1,L_C2,L_C3,L_C4,L_C5,L_C6,M_B1,M_B2,M_B3,M_B5,M_C1,M_C2,M_C3,M_C4,B4 temp.
1,15:00:12.743,35537,37019,36550,36381,36166,962,1011,1007,1001,997,2495,1538,1674,1673,1716,1540,505,508,501,422,562,469,528,463,41.0
2,15:00:16.740,35307,37169,36383,36542,36553,962,1012,1007,1000,997,2492,1542,1674,1673,1715,1539,506,507,503,418,568,468,532,462,41.0
3,15:00:23.521,35293,37047,36495,36321,36519,961,1014,1008,1003,996,2495,1538,1674,1673,1717,1537,501,507,502,420,556,471,532,460,41.0
4,15:00:30.303,35325,36984,36454,36421,36345,961,1013,1008,1001,1000,2494,1542,1677,1674,1716,1538,505,507,501,419,563,470,528,462,41.0
5,15:00:36.984,35328,36968,36316,36352,36514,963,1013,1006,1001,997,2493,1542,1676,1673,1715,1538,503,506,501,420,562,468,529,463,41.0
6,15:00:40.925,35349,36752,36501,36437,36426,961,1013,1007,1001,996,2495,1541,1674,1671,1715,1539,504,507,501,420,568,470,526,465,41.0
7,15:00:44.830,35285,36956,36445,36330,36324,961,1013,1004,999,997,2494,1544,1676,1672,1715,186,504,507,502,417,571,468,528,463,41.0
8,15:00:48.781,35315,37231,36569,36388,36573,963,1013,1005,1000,996,2492,1541,1673,1672,1713,1539,503,506,500,418,570,467,530,463,41.0
9,15:00:55.465,35158,37211,36609,36464,36395,961,1013,1005,1001,996,2496,1542,1675,1672,1716,39,504,507,499,420,556,466,528,462,41.0
10,15:00:59.324,35264,37116,36551,36455,36408,961,1013,1007,1001,997,2495,1544,1675,1673,1715,1539,506,508,501,419,570,467,531,463,41.0
11,15:01:05.801,35538,37295,36616,36625,36301,964,1012,1005,1002,999,2495,1542,1677,1674,1713,1538,506,508,502,420,570,468,528,464,41.0
12,15:01:12.746,35058,36620,36577,36113,36040,962,1012,1004,1002,1000,2494,1543,1676,1674,1713,1537,504,508,503,418,591,468,527,465,41.0
13,15:01:16.821,35077,36798,36554,36301,36066,964,1012,1002,1000,999,2497,1540,1674,1671,1713,1540,504,507,500,417,569,493,530,462,41.0
14,15:01:23.796,35210,37107,36530,36328,36016,961,1014,1003,1001,998,2494,1543,1675,1672,1715,1539,505,508,503,419,563,468,530,460,41.0
15,15:01:27.959,35093,37094,36401,36288,36088,960,1013,1002,1000,996,2496,1540,1674,1670,1713,1591,505,506,503,419,571,467,532,465,41.0
16,15:01:31.942,35242,37108,36255,36440,35997,961,1011,1003,1003,999,2495,1541,1676,1670,1712,1539,508,507,502,419,569,471,530,464,41.0
17,15:01:35.946,35106,37107,36471,36489,36101,961,1013,1005,1003,997,2494,1541,1675,1671,1711,1540,504,507,501,420,565,467,528,461,41.0
18,15:01:43.221,35245,37016,36712,36295,36056,961,1013,1002,1002,996,2494,1543,1675,1671,1713,1537,504,508,502,419,556,469,525,461,41.0
19,15:01:47.422,35180,37030,36579,36440,36024,964,1012,1004,1001,997,2495,1541,1676,1673,1716,1541,503,507,499,416,569,471,528,462,41.0
20,15:01:54.384,35163,36909,36455,36338,36063,961,1015,1003,1001,998,2494,1541,1674,1672,1713,1540,505,507,502,419,555,469,531,465,41.0
21,15:02:04.204,35076,37063,36548,36531,35888,962,1014,1005,1001,998,2498,1540,1675,1671,1715,1542,504,506,499,420,553,469,527,463,41.0
N_07-25-2018,Time,A1,A2,A3,A4,A5,L_B1,L_B2,L_B3,L_B4,L_B5,L_C1,L_C2,L_C3,L_C4,L_C5,L_C6,M_B1,M_B2,M_B3,M_B5,M_C1,M_C2,M_C3,M_C4,B4 temp.
1,15:06:47.088,35204,36877,36547,36647,35947,961,1015,1006,1000,998,2494,1540,1674,1673,1716,1540,506,507,499,420,569,471,530,462,41.0
2,15:06:53.786,35023,36980,36462,36468,36291,961,1011,1004,1000,997,2494,1540,1676,1673,1712,1539,504,507,503,420,526,471,527,465,41.0
3,15:06:57.742,35034,37128,36523,36497,36322,962,1011,1003,999,998,2497,1541,1674,1674,1715,10,501,509,501,416,570,469,526,465,41.0
4,15:07:01.662,35512,37020,36469,36279,36283,963,1015,1003,1001,998,2494,1540,1674,1676,1714,1543,505,508,501,420,571,472,528,463,41.0
5,15:07:05.543,35234,37150,36395,36378,36090,963,1011,1003,1001,998,2492,1541,1676,1676,1714,1540,505,506,500,421,571,470,531,462,41.0
6,15:07:09.383,35379,37188,36681,36307,36173,961,1015,1004,999,997,2493,1539,1674,1675,1714,35,506,505,501,420,569,469,528,459,41.0
7,15:07:13.241,35402,36996,36610,36432,36284,963,1015,1003,1000,996,2495,1541,1675,1672,1712,71,503,507,501,419,571,472,525,462,41.0
8,15:07:17.161,35311,36931,36498,36432,36353,963,1013,1003,1001,998,2495,1542,1675,1672,1712,1537,503,507,500,422,570,471,531,464,41.0
9,15:07:21.001,35318,37073,36631,36485,36151,960,1014,1004,1002,997,2494,1542,1677,1677,1713,545,504,508,503,420,570,472,528,464,41.0
10,15:07:24.917,35412,37201,36577,36351,36356,961,1015,1003,1000,996,2495,1543,1677,1672,1715,1540,505,507,500,419,569,471,527,463,41.0
11,15:07:31.422,35537,36987,36749,36479,36028,961,1013,1005,1003,998,2492,1545,1677,1672,1714,1541,501,508,502,419,570,469,525,463,41.0
12,15:07:38.062,35277,36884,36620,36424,36174,962,1014,1004,1000,998,2496,1541,1675,1671,1714,1538,505,506,503,417,508,473,527,461,41.0
13,15:07:41.882,35536,37210,36448,36474,36314,962,1014,1004,1003,997,2497,1542,1673,1674,1715,1541,504,507,503,418,567,469,530,461,41.0
14,15:07:45.820,35411,37027,36524,36466,36180,962,1012,1004,1001,998,2497,1541,1674,1670,1715,1539,502,507,498,424,571,510,529,465,41.0
15,15:07:49.961,35389,37028,36620,36323,36361,961,1014,1004,1000,999,2496,1540,1677,1672,1717,1538,505,508,499,420,569,509,529,463,41.0
16,15:07:56.642,35402,37026,36550,36408,36321,963,1013,1003,999,999,2492,1544,1674,1672,1714,1540,506,507,502,419,510,470,530,463,41.0
17,15:08:00.924,35341,36998,36792,36252,36412,960,1012,1001,1001,996,2494,1540,1675,1674,1714,1538,501,508,498,420,566,469,530,464,41.0
18,15:08:05.165,35427,37077,36934,36234,36349,961,1013,1004,1001,996,2496,1543,1675,1673,1714,1540,503,507,502,418,569,471,526,462,41.0
19,15:08:09.441,35281,37150,36924,36238,36501,961,1012,1003,1001,996,2494,1542,1673,1672,1714,1538,505,508,503,419,567,471,527,464,41.0
20,15:08:13.482,35436,37079,36960,36365,36430,963,1013,1004,1002,996,2494,1544,1675,1674,1713,1538,505,509,502,420,568,466,526,461,41.0
21,15:08:20.202,35315,37024,36719,36600,36297,962,1013,1006,1003,998,2494,1541,1674,1671,1717,1537,506,508,499,416,569,465,529,461,41.0
22,15:08:24.339,35372,37342,36502,36353,36512,963,1013,1004,1000,997,2496,1540,1672,1672,1713,1537,502,507,499,418,567,469,525,460,41.0
23,15:08:28.560,35388,37276,36580,36542,36352,964,1012,1004,1001,997,2492,1541,1678,1673,1715,1540,505,504,502,417,566,471,527,461,41.0
24,15:08:32.578,35231,37175,36602,36235,36593,962,1014,1004,1001,997,2496,1544,1674,1676,1715,1537,501,505,500,418,565,469,530,461,41.0
25,15:08:36.543,35393,36984,36508,36301,36558,964,1013,1003,1001,997,2494,1542,1674,1672,1716,88,503,507,502,418,567,466,529,462,41.0
26,15:08:43.293,35156,37183,36615,36353,36446,962,1014,1003,1001,999,2494,1543,1674,1674,1715,1540,504,506,503,420,528,465,529,462,41.0
27,15:08:47.238,35461,37184,36442,36439,36565,961,1015,1003,999,996,2494,1541,1675,1675,1715,1537,501,507,503,420,566,471,526,460,41.0
28,15:08:51.541,35485,37216,36555,36322,36412,961,1013,1005,1000,999,2493,1543,1678,1673,1714,1540,504,507,500,421,570,513,529,461,41.0
29,15:08:58.229,35263,36986,36518,36375,36600,960,1013,1004,1001,999,2495,1541,1676,1670,1715,1539,504,506,502,420,563,469,531,460,41.0
30,15:09:02.460,35489,37220,36776,36520,36346,962,1015,1005,1000,994,2494,1542,1678,1673,1715,1541,505,507,502,420,571,470,527,464,41.0
31,15:09:09.008,35406,36968,36637,36423,36448,961,1013,1004,1001,1000,2495,1542,1676,1673,1715,1539,504,506,502,418,571,513,527,461,41.0
32,15:09:13.058,35318,37034,36604,36200,36423,962,1016,1003,1001,997,2493,1542,1677,1673,1716,1536,505,507,502,416,569,468,527,463,41.0
33,15:09:17.159,35370,37252,36596,36319,36501,962,1011,1003,1003,997,2493,1541,1675,1673,1713,1539,504,506,503,419,569,469,525,462,41.0
34,15:09:21.040,35334,37301,36566,36241,36264,961,1012,1002,1000,997,2494,1542,1676,1674,1713,1535,505,507,500,420,570,468,528,466,41.0
35,15:09:24.921,35385,37360,36863,36351,36456,962,1014,1003,1001,996,2492,1540,1675,1672,1713,1536,504,508,500,420,570,467,529,464,41.0
36,15:09:28.799,35213,37364,36615,36389,36460,962,1016,1002,1000,998,2493,1542,1677,1672,1715,1540,503,507,501,417,570,469,528,464,41.0
37,15:09:32.621,35375,37314,36603,36412,36432,962,1015,1002,1000,999,2493,1542,1673,1673,1714,1540,504,505,501,420,569,466,526,461,41.0
38,15:09:36.580,35385,37232,36429,36276,36267,961,1015,1005,1001,997,2496,1541,1674,1674,1714,1540,507,508,501,417,570,469,527,460,41.0
39,15:09:40.421,35411,37378,36453,36438,36373,961,1013,1007,1001,999,2495,1540,1676,1671,1715,1538,504,507,500,420,569,468,532,461,41.0
40,15:09:44.462,35183,37336,36450,36353,36363,962,1012,1003,1000,997,2494,1541,1676,1670,1713,1539,504,507,500,419,571,468,528,463,41.0
41,15:09:53.663,35520,37183,36605,36447,36325,964,1014,1006,1001,999,2494,1543,1675,1673,1714,1538,505,506,502,419,556,468,525,463,41.0
42,15:09:57.567,35272,37306,36564,36337,36532,961,1014,1003,1001,997,2492,1544,1675,1674,1713,1537,503,508,500,420,570,467,530,462,41.0
43,15:10:01.608,35404,37323,36521,36290,36283,961,1014,1004,1000,1000,2494,1545,1676,1672,1712,1539,504,509,500,418,567,468,524,462,41.0
44,15:10:08.625,35345,37499,36713,36308,36227,962,1011,1002,1000,997,2492,1544,1675,1673,1715,1538,505,508,498,418,539,465,530,466,41.0
45,15:10:12.963,35363,37255,36478,36450,36374,960,1014,1004,1000,997,2494,1540,1673,1672,1715,1539,504,507,501,420,567,472,525,461,41.0
46,15:10:16.960,35385,37172,36469,36434,36418,962,1013,1007,1000,996,2494,1540,1673,1674,1713,166,505,509,500,422,570,467,531,465,41.0
47,15:10:23.821,35289,37375,36345,36354,36389,962,1014,1005,999,996,2494,1542,1674,1674,1713,1540,503,509,498,418,555,467,528,462,41.0
48,15:10:30.681,35513,37211,36381,36468,36375,963,1014,1004,1001,997,2492,1538,1672,1672,1713,1539,504,507,501,420,510,469,529,463,41.0
49,15:10:34.875,35387,37283,36325,36330,36543,962,1014,1003,1003,995,2494,1542,1675,1673,1715,1542,504,508,501,419,568,467,527,463,41.0
50,15:10:39.424,35283,37371,36383,36354,36391,962,1014,1005,1001,997,2493,1539,1674,1672,1715,45,505,508,501,421,569,468,528,460,41.0
N_07-25-2018,Time,A1,A2,A3,A4,A5,L_B1,L_B2,L_B3,L_B4,L_B5,L_C1,L_C2,L_C3,L_C4,L_C5,L_C6,M_B1,M_B2,M_B3,M_B5,M_C1,M_C2,M_C3,M_C4,B4 temp.
1,15:10:59.025,35340,37193,36423,36421,36465,961,1012,1006,1002,996,2496,1540,1676,1673,1715,1535,504,509,502,419,570,469,528,463,41.0
2,15:11:02.973,35209,37111,36662,36420,36455,962,1012,1002,1002,994,2493,1543,1676,1672,1715,-35,504,506,501,420,570,470,531,464,41.0
3,15:11:07.501,35354,37343,36571,36499,36262,961,1015,1002,1002,996,2493,1543,1676,1673,1715,43,503,506,503,420,571,470,532,466,41.0
4,15:11:11.790,35259,37275,36566,36354,36325,962,1014,1003,1002,996,2497,1545,1675,1672,1713,1538,501,506,503,420,571,468,529,460,41.0
5,15:11:15.843,35340,37205,36621,36249,36338,962,1013,1004,1004,997,2497,1542,1677,1673,1715,22,501,505,502,419,570,465,530,463,41.0
6,15:11:20.226,35550,37240,36654,36436,36342,963,1014,1006,1002,996,2495,1541,1676,1672,1715,1539,504,506,503,419,569,468,527,462,41.0
7,15:11:27.165,35370,37246,36583,36551,36266,960,1014,1004,999,995,2494,1540,1674,1671,1714,-8,502,506,501,417,566,468,525,463,41.0
8,15:11:31.326,35250,37399,36735,36444,36259,962,1013,1003,1000,998,2496,1542,1675,1673,1713,1536,502,506,503,419,568,468,528,463,41.0
9,15:11:35.406,35401,37296,36650,36353,36324,961,1015,1003,1002,995,2493,1541,1676,1674,1715,194,505,508,503,419,570,468,530,462,41.0
10,15:11:42.463,35288,37321,36435,36679,36323,961,1014,1003,999,995,2498,1541,1676,1672,1715,33,504,510,502,420,567,470,527,464,41.0
11,15:11:49.044,35474,37324,36567,36511,36328,961,1015,1007,1002,1001,2494,1541,1676,1673,1715,1540,505,509,502,418,571,470,531,466,41.0
12,15:11:53.000,35274,37282,36665,36425,36388,960,1011,1003,1000,999,2496,1543,1675,1674,1715,0,503,508,502,423,569,465,526,460,41.0
13,15:11:56.962,35327,37149,36637,36647,36367,962,1011,1003,1000,997,2495,1541,1676,1673,1712,46,505,508,503,420,570,470,531,463,41.0
14,15:12:01.192,35360,37204,36784,36369,36251,961,1015,1003,1001,998,2496,1540,1678,1673,1712,31,501,506,503,419,569,511,529,466,41.0
15,15:12:05.205,35396,37129,36757,36391,36122,963,1013,1001,1003,996,2492,1541,1678,1672,1714,1539,505,509,501,419,567,469,530,466,41.0
16,15:12:09.414,35499,37256,36590,36491,36498,963,1011,1003,1000,996,2497,1542,1676,1674,1715,-13,505,506,500,417,571,465,528,463,41.0
17,15:12:14.159,35379,37211,36534,36440,36285,961,1012,1003,1002,996,2494,1543,1676,1674,1714,1536,505,508,501,419,570,465,525,464,41.0
18,15:12:21.106,35337,37233,36614,36373,36340,962,1013,1003,1000,996,2495,1540,1676,1672,1713,13,504,508,500,420,528,467,528,462,41.0
19,15:12:25.123,35445,37197,36698,36246,36318,962,1013,1005,1001,997,2495,1542,1675,1674,1714,106,501,509,499,421,571,465,528,460,41.0
20,15:12:30.111,35383,37260,36449,36612,36406,960,1013,1008,999,994,2497,1542,1674,1674,1714,1538,502,508,500,418,568,470,527,462,41.0
21,15:12:39.408,35469,37399,36743,36566,36333,962,1015,1008,1001,998,2492,1541,1675,1674,1714,1539,502,509,499,420,562,510,530,463,41.0
22,15:12:43.429,35340,37331,36473,36492,36547,963,1015,1003,1000,996,2495,1542,1676,1672,1713,-11,506,507,502,417,568,469,528,465,41.0
23,15:12:47.789,35196,37125,36547,36574,36264,962,1014,1004,1000,996,2494,1541,1677,1673,1716,1535,506,507,500,419,569,472,525,466,41.0
24,15:12:51.934,35357,37084,36668,36410,36261,963,1014,1008,1000,997,2493,1544,1673,1672,1715,33,505,504,502,420,570,469,530,460,41.0
25,15:12:56.154,35311,37228,36505,36463,36231,961,1014,1002,1000,996,2493,1541,1675,1673,1714,1540,506,508,501,419,568,466,530,465,41.0
26,15:13:00.222,35202,37097,36490,36273,36384,961,1013,1002,1000,998,2494,1541,1678,1674,1714,-11,503,507,498,417,570,470,528,464,41.0
27,15:13:04.319,35380,37361,36370,36634,36323,961,1013,1002,1002,998,2497,1540,1676,1673,1714,1537,504,507,502,419,571,471,530,463,41.0
28,15:13:08.264,35245,37134,36597,36492,36524,962,1013,1003,1001,998,2497,1543,1676,1674,1713,1536,506,506,500,418,567,468,528,463,41.0
N_07-25-2018,Time,M_B1,M_B2,M_B3,M_B5,M_C1,M_C2,M_C3,M_C4,B4 temp.
1,15:13:34.244,501,508,500,416,565,472,527,463,41.0
2,15:13:36.820,501,508,502,419,570,469,531,461,41.0
3,15:13:39.432,505,507,498,418,570,468,528,463,41.0
4,15:13:44.750,503,507,503,420,526,469,528,465,41.0
5,15:13:47.477,504,509,502,419,569,468,531,459,41.0
6,15:13:50.465,505,509,501,420,567,471,526,464,41.0
7,15:13:53.065,505,507,502,417,570,471,530,464,41.0
8,15:13:55.841,505,507,501,419,570,471,530,465,41.0
9,15:13:58.503,501,507,502,420,567,471,526,464,41.0
10,15:14:01.542,501,508,501,420,568,470,531,464,41.0
11,15:14:07.624,504,507,501,421,569,468,527,463,41.0
12,15:14:13.211,501,509,500,418,593,469,524,465,41.0
13,15:14:16.088,504,509,499,421,570,470,530,459,41.0
14,15:14:21.583,505,509,500,420,555,471,531,463,41.0
15,15:14:27.079,505,507,503,418,564,470,530,462,41.0
16,15:14:30.284,502,506,501,419,568,470,524,465,41.0
17,15:14:33.520,504,508,503,420,570,472,527,463,41.0
18,15:14:36.185,506,506,501,418,569,468,528,465,41.0
19,15:14:38.989,504,507,501,416,570,473,526,462,41.0
20,15:14:41.727,504,509,501,419,570,470,530,463,41.0
21,15:14:47.172,506,508,501,419,570,511,530,462,41.0
22,15:14:49.963,504,508,502,418,570,470,530,462,41.0
23,15:14:52.643,505,507,501,419,570,466,531,462,41.0
24,15:14:55.285,503,507,501,417,570,467,527,463,41.0
25,15:14:57.979,505,505,502,418,570,467,528,461,41.0
26,15:15:00.624,502,506,503,418,570,466,531,462,41.0
27,15:15:03.302,507,505,501,420,571,469,530,462,41.0
28,15:15:05.963,503,507,501,420,569,466,526,462,41.0
29,15:15:08.827,504,508,501,419,568,467,528,461,41.0
30,15:15:11.664,504,508,500,418,569,466,530,462,41.0
31,15:15:19.885,502,506,498,417,557,469,526,460,41.0
32,15:15:22.667,502,508,502,419,571,467,529,462,41.0
33,15:15:25.404,503,508,499,420,570,469,530,463,41.0
34,15:15:28.003,505,508,502,422,571,472,528,464,41.0
35,15:15:30.563,505,507,500,418,571,467,530,463,41.0
36,15:15:33.188,506,505,501,420,571,471,530,466,41.0
37,15:15:35.825,507,509,501,420,570,467,529,460,41.0
38,15:15:41.224,507,507,499,420,554,468,528,466,41.0
39,15:15:46.604,506,507,503,418,566,467,530,463,41.0
40,15:15:49.203,503,508,503,419,569,470,528,461,41.0
41,15:15:54.590,505,508,501,419,571,470,525,463,41.0
42,15:15:57.389,505,506,502,419,568,468,532,462,41.0
43,15:16:00.128,505,511,503,419,569,467,531,465,41.0
44,15:16:05.609,504,507,503,420,519,466,529,463,41.0
45,15:16:08.364,504,507,501,420,569,513,529,466,41.0
46,15:16:11.086,502,508,502,420,571,467,527,464,41.0
47,15:16:13.824,503,507,502,418,569,468,528,464,41.0
48,15:16:16.574,506,508,502,416,570,468,527,464,41.0
49,15:16:19.124,505,507,502,417,571,466,527,461,41.0
50,15:16:21.825,504,508,502,418,571,472,528,464,41.0
51,15:16:29.785,502,508,503,417,555,468,524,463,41.0
52,15:16:32.445,503,507,503,421,567,470,529,465,41.0
53,15:16:35.066,505,507,500,417,568,466,529,464,41.0
54,15:16:37.925,506,505,500,419,568,511,526,463,41.0
55,15:16:40.668,503,507,499,417,566,468,525,464,41.0
56,15:16:43.462,505,507,501,421,568,469,529,462,41.0
57,15:16:46.163,508,506,502,420,567,472,528,460,41.0
58,15:16:48.814,504,507,503,420,568,469,528,461,41.0
59,15:16:51.386,503,507,500,419,567,468,528,462,41.0
60,15:16:54.208,503,506,502,420,567,470,528,463,41.0
61,15:16:59.670,501,508,502,420,571,469,528,464,41.0
62,15:17:02.568,504,507,502,417,568,465,530,466,41.0
63,15:17:05.263,506,507,499,419,570,470,526,461,41.0
64,15:17:07.925,502,508,501,421,571,470,527,462,41.0
65,15:17:10.711,503,506,499,416,571,466,528,461,41.0
66,15:17:13.504,502,508,501,420,569,468,528,465,41.0
67,15:17:17.300,504,508,501,419,570,466,529,462,41.0
68,15:17:20.003,505,508,501,421,569,466,527,462,41.0
69,15:17:22.713,505,509,503,420,569,471,528,464,41.0
70,15:17:25.646,506,507,503,418,569,471,531,464,41.0
71,15:17:31.305,506,506,501,420,591,469,530,463,41.0
72,15:17:37.165,503,507,503,419,564,470,524,465,41.0
73,15:17:39.749,502,506,499,420,571,469,529,465,41.0
74,15:17:42.398,505,507,503,420,567,511,527,463,41.0
75,15:17:45.090,505,508,501,421,570,467,527,461,41.0
76,15:17:48.084,505,508,500,420,570,467,528,462,41.0
77,15:17:50.965,504,507,501,420,570,470,530,463,41.0
78,15:17:53.666,505,508,502,419,570,471,528,463,41.0
79,15:17:56.343,501,508,499,420,569,467,529,464,41.0
80,15:17:59.002,501,506,501,419,571,467,527,462,41.0
81,15:18:04.782,503,507,498,421,570,471,527,463,41.0
82,15:18:07.544,502,508,503,420,570,469,528,461,41.0
83,15:18:10.667,505,509,502,418,570,469,529,467,41.0
84,15:18:13.390,505,508,501,420,571,472,529,463,41.0
85,15:18:16.599,506,508,499,419,571,469,531,465,41.0
86,15:18:22.415,505,508,501,420,553,470,526,462,41.0
87,15:18:25.013,506,506,502,418,568,468,529,466,41.0
88,15:18:27.644,504,509,501,420,566,469,531,463,41.0
89,15:18:30.523,501,508,503,422,566,469,526,462,41.0
90,15:18:33.542,507,506,501,419,566,468,527,461,41.0
91,15:18:42.188,501,508,501,417,561,469,528,462,41.0
92,15:18:45.008,505,507,499,422,571,466,525,463,41.0
93,15:18:47.772,505,508,503,421,568,465,527,465,41.0
94,15:18:50.626,505,508,503,419,567,466,527,460,41.0
95,15:18:53.781,503,511,502,418,568,511,531,462,41.0
96,15:18:56.575,504,507,499,420,570,468,530,465,41.0
97,15:18:59.628,504,508,503,421,571,468,528,463,41.0
98,15:19:02.702,502,508,502,419,571,472,531,462,41.0
99,15:19:05.462,505,510,501,419,569,467,532,465,41.0
100,15:19:08.264,503,508,502,421,570,469,528,463,41.0
N_07-25-2018,Time,A1,A2,A3,A4,A5,L_B1,L_B2,L_B3,L_B4,L_B5,L_C1,L_C2,L_C3,L_C4,L_C5,L_C6,M_B1,M_B2,M_B3,M_B5,M_C1,M_C2,M_C3,M_C4,B4 temp.
1,15:24:05.889,35607,36972,36365,36677,35948,962,1015,1005,1001,998,2494,1540,1676,1672,1713,1537,506,506,503,417,552,471,528,465,41.0
2,15:24:09.987,35217,37327,36415,36511,36210,962,1013,1003,1000,997,2497,1542,1677,1674,1716,1537,504,506,503,421,570,471,530,462,41.0
3,15:24:16.828,35293,37282,36405,36505,36277,961,1015,1005,1001,996,2492,1542,1676,1674,1715,1536,504,509,501,420,539,472,528,461,41.0
4,15:24:23.529,35396,37315,36420,36768,36163,961,1014,1002,1000,999,2495,1543,1675,1674,1714,-48,503,507,501,420,555,468,529,464,41.0
5,15:24:27.632,35252,37542,36395,36577,36327,961,1013,1005,999,999,2494,1542,1676,1672,1714,1538,502,507,503,420,570,509,527,464,41.0
6,15:24:31.690,35493,37345,36437,36538,36363,962,1012,1002,1001,997,2496,1542,1674,1674,1713,1539,505,508,499,417,568,467,527,464,41.0
7,15:24:35.650,35475,37356,36459,36505,36403,962,1014,1003,1000,997,2493,1540,1676,1676,1715,1538,504,507,501,416,570,471,531,462,41.0
8,15:24:42.423,35385,37394,36407,36539,36292,964,1013,1002,1003,996,2494,1541,1677,1675,1714,1536,504,506,503,417,511,468,528,461,41.0
9,15:24:46.482,35399,37474,36246,36395,36293,961,1013,1006,999,997,2496,1541,1677,1675,1715,1539,504,509,500,416,569,468,526,464,41.0
10,15:24:50.489,35412,37454,36400,36343,36430,962,1013,1003,1001,998,2493,1543,1675,1672,1714,1538,505,507,501,422,570,472,529,462,41.0
11,15:24:59.772,35473,37177,36446,36530,36202,962,1016,1005,999,999,2494,1544,1676,1672,1713,1538,501,507,502,419,553,466,528,463,41.0
12,15:25:03.886,35342,37338,36196,36383,36442,961,1011,1001,1000,997,2496,1544,1674,1674,1713,1539,505,508,503,420,566,470,527,466,41.0
13,15:25:07.857,35328,37406,36348,36598,36285,964,1011,1004,1000,998,2494,1544,1676,1673,1713,1536,501,506,503,420,568,469,529,465,41.0
14,15:25:11.989,35326,37392,36456,36389,36194,964,1013,1003,1000,996,2496,1541,1676,1675,1716,1537,502,508,503,418,567,470,526,466,42.0
15,15:25:15.951,35427,37217,36269,36463,36252,961,1012,1003,999,997,2494,1542,1674,1672,1714,853,501,508,503,419,568,469,527,464,42.0
16,15:25:19.947,35514,37203,36433,36669,36305,962,1013,1003,1000,998,2497,1543,1674,1671,1714,1538,505,505,499,417,569,466,527,463,42.0
17,15:25:23.928,35399,37426,36400,36429,36313,962,1016,1005,1002,995,2493,1541,1677,1672,1716,1538,508,508,501,423,567,471,531,462,42.0
18,15:25:27.998,35470,37369,36323,36537,36389,960,1014,1003,1001,995,2496,1539,1676,1673,1717,1538,503,507,501,418,568,468,531,463,42.0
19,15:25:31.866,35404,37469,36668,36446,36394,963,1013,1006,999,997,2496,1541,1676,1676,1714,1538,501,508,501,418,570,469,528,461,42.0
20,15:25:35.750,35131,37357,36397,36578,36382,961,1016,1003,1000,998,2494,1542,1675,1676,1713,1538,507,505,501,420,568,471,527,463,42.0
21,15:25:42.338,35407,36976,36549,36427,36131,962,1015,1006,1002,1000,2494,1541,1675,1672,1714,1539,503,506,502,419,570,470,531,463,42.0
22,15:25:46.450,35346,37571,36508,36499,36432,962,1014,1002,1001,995,2494,1543,1675,1674,1716,1539,505,507,502,420,569,471,531,463,42.0
23,15:25:50.328,35335,37251,36530,36456,36370,962,1015,1004,1003,997,2495,1541,1677,1675,1713,1538,501,510,502,418,571,469,529,463,42.0
24,15:25:54.315,35436,37270,36510,36359,36270,963,1013,1002,1000,996,2495,1544,1677,1674,1715,1540,505,508,503,419,571,473,527,463,42.0
25,15:26:01.029,35268,37310,36405,36588,36387,962,1014,1004,1002,997,2496,1541,1672,1674,1716,-14,506,506,503,418,557,469,530,463,42.0
26,15:26:07.848,35259,37310,36706,36533,36270,963,1015,1004,1002,1000,2494,1540,1675,1672,1715,1537,504,509,502,420,556,471,530,462,42.0
27,15:26:11.708,35517,37270,36594,36531,36355,962,1014,1004,1003,997,2493,1542,1674,1673,1714,1537,505,508,502,420,570,471,530,462,42.0
28,15:26:15.746,35495,37348,36589,36477,36404,962,1013,1001,1002,997,2496,1543,1677,1675,1714,1540,504,507,501,418,569,465,525,461,42.0
29,15:26:19.771,35424,37202,36643,36550,36337,962,1013,1002,1003,998,2494,1543,1676,1672,1713,1537,506,506,502,417,569,470,528,461,42.0
30,15:26:26.425,35378,37122,36562,36478,36523,961,1012,1004,1003,995,2497,1542,1673,1675,1713,1539,504,507,502,420,554,467,529,464,42.0
31,15:26:32.987,35411,37323,36553,36452,36375,963,1011,1006,1002,999,2499,1543,1677,1675,1715,1539,502,508,500,418,570,469,530,463,42.0
32,15:26:36.981,35582,37135,36445,36509,36368,960,1016,1003,1001,998,2496,1543,1678,1671,1715,144,502,507,502,420,569,469,526,463,42.0
33,15:26:40.927,35402,37363,36583,36596,36280,963,1014,1003,1001,999,2498,1540,1676,1672,1713,1536,503,508,501,420,570,469,527,462,42.0
34,15:26:44.973,35394,37226,36603,36570,36460,963,1014,1003,1001,999,2496,1541,1675,1670,1715,1539,503,507,501,420,569,468,527,465,42.0
35,15:26:51.648,35404,37324,36608,36567,36485,963,1013,1003,1002,998,2495,1542,1675,1672,1714,7,504,507,498,420,563,468,529,463,42.0
36,15:26:55.578,35263,37186,36436,36633,36483,962,1013,1002,1000,997,2496,1543,1674,1673,1715,1541,506,511,503,418,568,472,530,462,42.0
37,15:26:59.385,35331,37273,36392,36624,36581,963,1013,1004,1001,995,2496,1540,1675,1672,1715,5,504,506,502,420,568,471,529,460,42.0
38,15:27:03.408,35453,37112,36434,36636,36466,963,1015,1002,1000,998,2494,1541,1674,1674,1714,0,505,508,502,417,570,470,531,462,42.0
39,15:27:07.482,35541,37099,36564,36476,36297,962,1012,1003,999,997,2496,1543,1673,1675,1715,1538,504,507,502,420,570,469,525,462,42.0
40,15:27:11.514,35486,37232,36443,36666,36294,962,1014,1005,1001,999,2493,1543,1676,1674,1715,1540,504,507,501,420,572,466,529,462,42.0
41,15:27:20.888,35525,37238,36431,36341,36235,961,1012,1005,1001,999,2494,1545,1676,1672,1715,1540,506,506,502,420,554,470,528,466,42.0
42,15:27:24.905,35332,37456,36667,36538,36367,961,1011,1002,1001,1000,2497,1544,1677,1672,1715,0,506,507,502,422,569,470,529,462,42.0
43,15:27:28.742,35240,37315,36565,36493,36424,962,1015,1002,998,998,2499,1541,1674,1672,1713,1540,501,507,500,419,568,471,527,464,42.0
44,15:27:35.329,35278,37449,36664,36523,36431,962,1012,1004,1000,999,2494,1543,1675,1674,1715,1539,503,506,500,416,556,470,531,465,42.0
45,15:27:39.189,35265,37411,36610,36580,36415,960,1013,1002,999,1000,2493,1542,1675,1674,1713,1538,504,508,503,420,568,472,528,462,42.0
46,15:27:43.148,35351,37372,36652,36391,36363,961,1014,1003,1002,1000,2494,1542,1678,1676,1715,1640,505,507,502,421,567,469,528,460,42.0
47,15:27:49.991,35397,37464,36616,36248,36323,961,1014,1005,1003,997,2494,1543,1676,1674,1714,1540,504,507,502,417,562,468,531,462,42.0
48,15:27:53.829,35431,37184,36387,36438,36317,962,1013,1006,999,998,2494,1540,1676,1675,1715,46,505,506,499,420,569,468,526,464,42.0
49,15:27:57.708,35341,37288,36461,36566,36379,961,1013,1003,1000,997,2493,1538,1673,1677,1712,1537,505,507,503,420,567,469,529,464,42.0
50,15:28:04.548,35606,37356,36598,36484,36232,962,1014,1005,1001,997,2493,1541,1675,1675,1711,1538,505,507,501,419,517,469,529,461,42.0
51,15:28:10.948,35455,36959,36551,36226,36132,963,1014,1007,1002,997,2496,1543,1677,1672,1712,1536,502,507,501,419,570,472,528,465,42.0
52,15:28:14.808,35474,37345,36550,36705,36402,962,1014,1006,1003,998,2493,1543,1676,1671,1714,-6,506,508,502,420,569,468,529,465,42.0
53,15:28:21.487,35328,37118,36648,36450,36420,962,1014,1007,1003,999,2493,1542,1676,1673,1715,1540,507,506,500,416,552,471,531,463,42.0
54,15:28:28.089,35561,37249,36642,36359,36233,962,1013,1003,1003,997,2495,1538,1675,1674,1714,-16,504,508,501,419,554,470,525,461,42.0
55,15:28:32.028,35372,37240,36557,36406,36598,962,1013,1004,1003,997,2495,1541,1676,1672,1714,1539,502,506,503,418,566,469,528,463,42.0
56,15:28:35.928,35302,37168,36512,36234,36283,962,1013,1003,1001,998,2493,1544,1676,1671,1715,1538,503,507,501,417,566,469,530,464,42.0
57,15:28:39.910,35559,37178,36511,36613,36435,961,1013,1003,1000,999,2495,1544,1676,1673,1714,1536,503,507,503,418,570,470,528,464,42.0
58,15:28:43.728,35469,37152,36588,36445,36400,962,1014,1003,1001,998,2494,1541,1675,1673,1714,-43,504,508,503,420,567,471,530,465,42.0
59,15:28:47.708,35701,37044,36422,36381,36351,962,1014,1003,1001,999,2496,1542,1674,1674,1715,1540,501,508,501,418,568,470,531,464,42.0
60,15:28:51.718,35332,37017,36429,36558,36379,961,1012,1004,1002,997,2497,1542,1676,1671,1716,1539,504,508,502,421,568,470,529,463,42.0
61,15:28:58.109,35350,37309,36441,36518,36207,963,1012,1006,1002,997,2494,1544,1676,1672,1714,1538,503,508,506,420,567,469,528,466,42.0
62,15:29:01.909,35604,37188,36613,36530,36338,962,1014,1009,999,997,2496,1542,1676,1673,1714,1539,504,507,503,419,570,471,528,463,42.0
63,15:29:05.789,35589,37173,36648,36565,36370,962,1015,1008,1001,996,2495,1537,1676,1676,1713,1536,504,509,500,420,569,467,532,461,42.0
64,15:29:12.448,35460,37345,36606,36491,36353,961,1015,1008,998,998,2494,1542,1676,1677,1714,1540,505,507,501,417,518,469,529,461,42.0
65,15:29:16.365,35326,37206,36645,36602,36202,961,1012,1007,999,999,2493,1541,1677,1676,1714,1538,504,509,500,418,570,472,527,462,42.0
66,15:29:20.233,35616,37140,36629,36417,36440,963,1014,1005,1000,995,2494,1542,1675,1676,1714,1542,504,507,502,418,571,470,525,461,42.0
67,15:29:24.108,35548,37096,36650,36231,36191,961,1013,1006,998,997,2494,1540,1674,1672,1716,1538,505,508,503,417,568,473,528,462,42.0
68,15:29:30.769,35343,37199,36672,36543,36375,962,1015,1001,999,997,2496,1542,1676,1677,1716,1535,506,509,502,420,512,470,528,463,42.0
69,15:29:34.586,35493,37383,36458,36633,36327,962,1013,1002,998,996,2494,1543,1675,1675,1714,1540,506,507,502,420,570,471,527,464,42.0
70,15:29:38.468,35537,37321,36644,36432,36350,962,1014,1002,1002,997,2495,1541,1677,1674,1714,1539,503,507,502,419,570,470,531,465,42.0
71,15:29:47.671,35413,37230,36718,36388,36244,963,1016,1005,1001,998,2496,1541,1675,1673,1712,1538,505,507,502,416,553,470,526,465,42.0
72,15:29:51.747,35264,37294,36605,36412,36379,962,1011,1007,1000,999,2493,1539,1677,1671,1714,1540,505,509,503,418,567,472,527,466,42.0
73,15:29:55.569,35356,37145,36625,36582,36565,961,1014,1003,1002,999,2494,1538,1675,1673,1714,0,505,507,502,419,566,471,530,464,42.0
74,15:29:59.574,35462,37188,36536,36446,36331,962,1011,1003,1001,997,2497,1541,1676,1671,1713,1542,506,505,502,419,569,468,529,465,42.0
75,15:30:03.629,35451,37211,36529,36341,36381,961,1012,1005,1001,998,2495,1541,1675,1675,1711,1536,507,507,503,417,569,469,530,465,42.0
76,15:30:07.586,35426,37123,36711,36401,36279,961,1012,1003,999,998,2493,1544,1677,1675,1713,1537,507,508,499,417,569,465,529,464,42.0
77,15:30:11.608,35359,37172,36622,36449,36322,961,1015,1004,1000,996,2495,1544,1673,1676,1713,1539,506,509,499,419,570,472,530,463,42.0
78,15:30:18.270,35341,37216,36633,36475,36264,963,1013,1003,999,997,2497,1542,1676,1674,1714,-16,504,507,503,419,555,471,527,464,42.0
79,15:30:22.227,35535,37220,36272,36258,36395,963,1014,1003,1003,997,2493,1541,1674,1675,1715,1538,508,508,501,421,566,468,530,460,42.0
80,15:30:26.129,35523,37277,36432,36441,36284,962,1013,1005,1000,997,2494,1539,1673,1674,1713,-29,504,507,502,419,566,469,531,463,42.0
81,15:30:35.489,35416,37351,36658,36325,36208,963,1016,1006,1000,999,2493,1540,1677,1671,1715,1540,503,506,502,416,563,469,526,463,42.0
82,15:30:39.476,35417,37124,36636,36499,36339,963,1013,1004,999,998,2492,1541,1676,1675,1713,1539,501,508,501,418,565,470,524,461,42.0
83,15:30:43.647,35420,37216,36707,36334,36395,963,1014,1008,1003,999,2493,1542,1676,1672,1714,0,505,508,503,420,566,468,529,462,42.0
84,15:30:47.607,35433,37184,36441,36493,36163,961,1013,1008,1000,996,2496,1539,1677,1673,1713,1540,503,505,500,418,565,513,526,460,42.0
85,15:30:51.509,35351,37172,36694,36569,36421,962,1014,1004,1000,997,2495,1541,1675,1674,1715,-17,505,507,501,420,567,471,529,463,42.0
86,15:30:55.429,35390,37167,36671,36535,36519,960,1014,1002,1000,999,2494,1540,1677,1672,1715,1539,505,507,498,422,568,466,528,463,42.0
87,15:30:59.328,35472,37128,36445,36400,36410,963,1014,1002,1004,997,2495,1541,1678,1672,1713,1538,504,508,502,419,569,465,530,462,42.0
88,15:31:03.272,35251,37102,36775,36445,36395,962,1013,1002,1002,999,2493,1540,1676,1672,1717,-28,503,505,500,418,567,467,529,464,42.0
89,15:31:07.389,35349,37200,36600,36443,36511,961,1013,1005,1001,995,2494,1541,1677,1671,1714,1538,501,508,501,418,569,467,525,461,42.0
90,15:31:11.288,35458,37251,36502,36548,36346,962,1015,1002,1000,996,2496,1538,1674,1675,1714,-26,505,508,502,418,569,468,528,460,42.0
91,15:31:17.732,35342,37277,36610,36491,36168,962,1016,1005,1001,997,2493,1539,1676,1672,1714,1539,507,506,503,421,571,471,526,465,42.0
92,15:31:21.748,35486,37225,36581,36523,36367,961,1014,1004,1001,997,2496,1541,1673,1672,1714,1538,505,508,502,419,570,468,526,464,42.0
93,15:31:25.587,35459,37094,36566,36396,36343,962,1014,1003,1001,997,2494,1542,1676,1673,1715,1540,505,505,500,421,567,468,530,463,42.0
94,15:31:29.410,35428,37127,36532,36422,36249,962,1013,1002,1002,996,2494,1542,1674,1672,1714,1536,507,507,500,419,567,468,531,462,42.0
95,15:31:33.330,35405,37176,36603,36529,36259,961,1014,1003,1000,998,2496,1540,1674,1674,1716,1538,503,508,500,420,570,472,527,463,42.0
96,15:31:39.911,35466,37189,36660,36382,36395,964,1012,1005,1000,997,2493,1541,1673,1672,1715,1540,505,508,502,419,562,466,528,462,42.0
97,15:31:43.741,35311,37267,36545,36379,36409,960,1013,1003,1001,998,2496,1542,1675,1672,1714,1538,503,507,502,419,565,470,529,459,42.0
98,15:31:47.608,35419,37226,36560,36439,36377,960,1013,1005,1002,999,2492,1541,1677,1674,1711,1539,503,507,503,421,565,471,530,461,42.0
99,15:31:54.308,35352,37215,36619,36744,36309,962,1013,1002,1001,997,2498,1539,1676,1671,1717,1539,502,509,500,420,555,467,529,463,42.0
100,15:31:58.149,35341,37130,36658,36451,36278,960,1012,1002,999,998,2496,1542,1673,1672,1717,1540,505,509,502,420,567,466,528,464,42.0
101,15:32:04.646,35533,37122,36483,36367,36352,964,1016,1007,1001,997,2494,1542,1676,1672,1715,1536,505,509,501,416,570,471,527,463,42.0
102,15:32:08.520,35385,37108,36574,36627,36348,962,1015,1006,1001,997,2494,1544,1676,1671,1712,1539,505,507,502,419,567,472,527,464,42.0
103,15:32:12.472,35282,37324,36604,36522,36410,962,1015,1007,1000,995,2498,1540,1674,1674,1714,1536,505,508,499,418,568,470,530,463,42.0
104,15:32:16.488,35420,37137,36515,36475,36432,960,1013,1008,1002,998,2494,1542,1677,1670,1715,1538,504,507,500,419,570,467,525,461,42.0
105,15:32:23.211,35477,37255,36603,36634,36385,961,1013,1006,1002,997,2493,1538,1676,1672,1714,1540,502,507,500,418,517,465,526,463,42.0
106,15:32:27.308,35339,37234,36401,36340,36487,961,1012,1006,1000,996,2494,1539,1675,1670,1713,1540,503,507,501,419,569,468,530,464,42.0
107,15:32:31.514,35406,37247,36489,36444,36317,962,1014,1007,1001,996,2494,1539,1674,1673,1714,1540,501,506,501,420,567,469,524,464,42.0
108,15:32:35.432,35275,37260,36525,36454,36437,962,1012,1007,1000,996,2496,1540,1674,1670,1713,1539,504,509,502,420,569,469,529,464,42.0
109,15:32:39.394,35379,37225,36439,36555,36338,963,1013,1005,1000,996,2492,1543,1676,1670,1714,1537,504,506,501,417,569,470,528,464,42.0
110,15:32:43.516,35382,37248,36502,36357,36484,963,1013,1007,1001,997,2494,1540,1674,1676,1714,1537,507,506,502,417,567,470,529,462,42.0
111,15:32:52.791,35411,37299,36521,36498,36151,963,1016,1008,1002,998,2495,1544,1678,1673,1715,1539,502,507,501,418,550,467,525,465,43.0
112,15:32:56.771,35250,37246,36519,36409,36462,962,1013,1006,1000,997,2497,1544,1675,1672,1713,1536,505,506,503,418,568,470,529,463,43.0
113,15:33:03.457,35275,37140,36462,36578,36467,962,1013,1007,1002,999,2493,1542,1676,1673,1715,1539,504,509,500,422,554,469,530,466,43.0
114,15:33:07.573,35434,37022,36694,36379,36522,961,1013,1006,1004,996,2492,1543,1677,1672,1716,1537,506,507,501,418,567,469,524,460,43.0
115,15:33:14.362,35353,37225,36628,36459,36201,963,1016,1007,1002,995,2497,1541,1675,1675,1713,1537,505,508,502,418,517,468,530,459,43.0
116,15:33:18.390,35493,37140,36567,36461,36512,960,1015,1007,1003,996,2494,1540,1675,1673,1715,1538,503,507,501,419,567,469,528,463,43.0
117,15:33:22.309,35294,37071,36749,36521,36511,962,1015,1006,1001,997,2493,1541,1676,1672,1714,1538,505,508,502,418,568,469,528,460,43.0
118,15:33:26.250,35596,37064,36617,36449,36495,961,1014,1006,1001,996,2496,1540,1677,1672,1717,1540,504,508,502,417,568,468,528,464,43.0
119,15:33:30.215,35448,37282,36560,36528,36487,962,1014,1005,1002,997,2495,1542,1676,1674,1712,1537,504,505,502,418,569,470,526,465,43.0
120,15:33:34.152,35562,37163,36681,36324,36491,961,1014,1003,1000,998,2495,1543,1676,1674,1714,1538,504,507,499,418,566,465,528,463,43.0
121,15:33:43.431,35572,37312,36676,36594,36354,961,1014,1007,1001,999,2497,1542,1676,1671,1715,1541,502,508,502,419,591,471,528,465,43.0
122,15:33:50.152,35439,37034,36680,36494,36418,961,1015,1006,998,996,2496,1542,1677,1673,1715,1537,503,508,501,419,563,470,527,463,43.0
123,15:33:56.792,35319,37216,36611,36585,36368,962,1016,1009,999,997,2496,1541,1677,1673,1714,0,502,507,502,418,563,473,526,459,43.0
124,15:34:00.772,35522,37125,36493,36414,36259,962,1016,1008,999,997,2494,1541,1674,1672,1714,1538,502,508,502,421,570,467,527,460,43.0
125,15:34:04.610,35340,37180,36553,36456,36434,962,1015,1006,999,998,2496,1542,1675,1674,1714,1536,505,507,499,420,570,467,529,463,43.0
126,15:34:08.596,35351,37143,36628,36536,36375,961,1013,1004,1002,997,2496,1543,1677,1673,1714,1539,505,508,503,419,570,471,526,461,43.0
127,15:34:12.514,35347,37279,36441,36412,36312,960,1014,1005,1002,997,2493,1541,1675,1671,1713,-37,507,504,501,420,567,469,526,462,43.0
128,15:34:16.447,35308,37230,36477,36436,36441,962,1011,1007,1002,997,2493,1541,1677,1672,1711,1537,505,507,503,418,567,471,531,464,43.0
129,15:34:20.368,35287,37229,36586,36508,36476,960,1013,1005,1001,997,2497,1541,1674,1673,1714,-9,503,511,500,420,569,468,526,466,43.0
130,15:34:27.033,35275,37269,36431,36385,36425,962,1011,1003,998,996,2492,1542,1675,1672,1715,1537,505,507,501,421,561,470,525,464,43.0
131,15:34:33.695,35327,37435,36606,36541,36401,963,1014,1006,999,999,2493,1544,1676,1674,1715,1539,506,508,500,420,567,468,531,464,43.0
132,15:34:37.650,35323,37190,36578,36582,36355,961,1015,1004,1001,996,2492,1543,1676,1674,1715,1538,505,507,500,420,568,467,528,465,43.0
133,15:34:44.315,35440,37110,36491,36480,36336,961,1014,1003,1002,997,2495,1543,1675,1675,1716,1539,506,505,500,418,536,466,532,462,43.0
134,15:34:48.318,35384,37326,36488,36357,36376,961,1014,1002,1001,995,2497,1543,1673,1673,1714,1537,505,507,501,420,569,470,527,461,43.0
135,15:34:54.970,35505,37102,36443,36462,36342,960,1012,1006,1001,998,2497,1544,1674,1673,1714,1538,504,508,499,419,556,469,530,464,43.0
136,15:34:58.771,35353,37251,36441,36369,36354,961,1016,1003,1000,995,2497,1543,1676,1672,1715,1539,504,507,499,421,566,467,529,463,43.0
137,15:35:02.731,35294,37120,36539,36562,36410,960,1015,1005,999,996,2496,1540,1676,1676,1714,1536,505,508,502,420,566,470,525,465,43.0
138,15:35:06.690,35378,37217,36503,36343,36212,961,1014,1004,999,996,2492,1542,1676,1674,1713,1540,505,508,500,420,567,466,528,464,43.0
139,15:35:10.553,35387,37061,36568,36422,36447,961,1015,1005,1000,996,2494,1542,1675,1676,1715,1540,504,507,500,420,566,471,528,463,43.0
140,15:35:14.435,35561,37221,36498,36531,36365,961,1014,1005,1002,997,2493,1543,1674,1676,1714,1540,505,505,500,419,568,468,527,463,43.0
141,15:35:20.930,35534,37209,36564,36615,36298,962,1017,1006,1003,998,2496,1541,1675,1673,1714,1538,502,508,502,420,568,471,528,462,43.0
142,15:35:24.932,35395,37224,36625,36464,36291,960,1012,1006,1000,995,2495,1545,1675,1673,1717,1539,505,507,500,416,569,469,531,462,43.0
143,15:35:28.731,35354,37164,36486,36554,36360,962,1014,1007,1001,996,2493,1543,1676,1673,1716,-80,505,508,502,422,567,465,525,465,43.0
144,15:35:32.630,35471,37146,36502,36335,36477,962,1014,1003,1001,997,2494,1541,1677,1674,1713,1537,504,509,500,420,567,469,529,465,43.0
145,15:35:36.560,35510,37135,36309,36273,36413,962,1012,1003,999,995,2494,1540,1677,1673,1714,-71,505,507,502,418,566,471,531,461,43.0
146,15:35:43.293,35482,37280,36450,36542,36426,963,1015,1004,1002,996,2494,1541,1675,1672,1716,-38,505,506,501,419,512,466,528,461,43.0
147,15:35:49.893,35465,37222,36371,36400,36383,961,1013,1003,999,996,2494,1542,1676,1672,1716,1539,506,507,502,420,551,466,527,460,43.0
148,15:35:53.758,35358,37223,36616,36313,36484,962,1015,1002,1001,996,2497,1542,1676,1673,1715,1536,504,504,501,418,566,472,529,463,43.0
149,15:35:57.679,35340,37340,36550,36308,36276,963,1012,1003,1002,996,2493,1539,1676,1672,1715,1540,504,506,500,421,568,472,528,461,43.0
150,15:36:01.610,35340,37284,36559,36342,36508,961,1012,1004,1001,996,2494,1541,1674,1673,1715,1537,505,506,501,418,569,469,528,462,43.0
151,15:36:08.152,35468,37473,36708,36336,36388,962,1014,1005,1000,997,2496,1544,1676,1672,1714,1539,505,507,498,418,569,472,530,462,43.0
152,15:36:12.135,35430,37216,36619,36299,36344,961,1012,1003,1000,999,2493,1542,1676,1674,1716,-74,503,507,502,419,569,469,530,462,43.0
153,15:36:16.189,35416,37093,36640,36284,36347,965,1012,1003,1003,996,2494,1541,1675,1673,1714,68,504,508,502,417,567,470,530,461,43.0
154,15:36:22.892,35385,37273,36582,36426,36463,962,1014,1003,1002,996,2494,1540,1674,1672,1713,1608,504,509,500,419,562,469,530,463,43.0
